{
    "item_00": {
        "object_name": "ativos_library",
        "process_type": "create_or_validate_library",
        "parent_object": "the_current_workspace",
        "display_name": "'ativos'",
        "object_type": "library",
        "object_color": "object_colors.get(\"Dark Green\")",
        "link": "True",
        "dir_name": "ativos",
        "filesystem_type": "folder",
        "flame_type": "library",
        "parent_dir": "/{projekts_dir}/{projekt_dir}",
        "path": "/{projekts_dir}/{projekt_dir}/ativos",
        "bookmark_name": "ativos",
        "bookmark_type": "folder",
        "bookmark_parent": "projekt directories",
        "bookmark_visibility": "Global",
        "children": {
            "item_01": {
                "object_name": "audio_folder",
                "process_type": "create_or_validate_object",
                "parent_object": "ativos_library",
                "display_name": "'audio'",
                "object_type": "folder",
                "object_color": "",
                "link": "True",
                "dir_name": "audio",
                "filesystem_type": "folder",
                "flame_type": "folder",
                "parent_dir": "/{projekts_dir}/{projekt_dir}/ativos",
                "path": "/{projekts_dir}/{projekt_dir}/ativos/audio",
                "bookmark_name": "audio",
                "bookmark_type": "folder",
                "bookmark_parent": "ativos",
                "bookmark_visibility": "Global",
                "children": {
                    "item_02": {
                        "object_name": "dub_folder",
                        "process_type": "create_or_validate_object",
                        "parent_object": "audio_folder",
                        "display_name": "'dub'",
                        "object_type": "folder",
                        "object_color": "",
                        "link": "True",
                        "dir_name": "dub",
                        "filesystem_type": "folder",
                        "flame_type": "folder",
                        "parent_dir": "/{projekts_dir}/{projekt_dir}/ativos/audio",
                        "path": "/{projekts_dir}/{projekt_dir}/ativos/audio/dub",
                        "bookmark_name": "dub",
                        "bookmark_type": "bookmark",
                        "bookmark_parent": "audio",
                        "bookmark_visibility": "Global"
                    },
                    "item_03": {
                        "object_name": "mix_folder",
                        "process_type": "create_or_validate_object",
                        "parent_object": "audio_folder",
                        "display_name": "'mix'",
                        "object_type": "folder",
                        "object_color": "",
                        "link": "True",
                        "dir_name": "mix",
                        "filesystem_type": "folder",
                        "flame_type": "folder",
                        "parent_dir": "/{projekts_dir}/{projekt_dir}/ativos/audio",
                        "path": "/{projekts_dir}/{projekt_dir}/ativos/audio/mix",
                        "bookmark_name": "mix",
                        "bookmark_type": "bookmark",
                        "bookmark_parent": "audio",
                        "bookmark_visibility": "Global"
                    },
                    "item_04": {
                        "object_name": "music_folder",
                        "process_type": "create_or_validate_object",
                        "parent_object": "audio_folder",
                        "display_name": "'music'",
                        "object_type": "folder",
                        "object_color": "",
                        "link": "True",
                        "dir_name": "music",
                        "filesystem_type": "folder",
                        "flame_type": "folder",
                        "parent_dir": "/{projekts_dir}/{projekt_dir}/ativos/audio",
                        "path": "/{projekts_dir}/{projekt_dir}/ativos/audio/music",
                        "bookmark_name": "music",
                        "bookmark_type": "bookmark",
                        "bookmark_parent": "audio",
                        "bookmark_visibility": "Global"
                    },
                    "item_05": {
                        "object_name": "production_folder",
                        "process_type": "create_or_validate_object",
                        "parent_object": "audio_folder",
                        "display_name": "'production'",
                        "object_type": "folder",
                        "object_color": "",
                        "link": "True",
                        "dir_name": "production",
                        "filesystem_type": "folder",
                        "flame_type": "folder",
                        "parent_dir": "/{projekts_dir}/{projekt_dir}/ativos/audio",
                        "path": "/{projekts_dir}/{projekt_dir}/ativos/audio/production",
                        "bookmark_name": "production",
                        "bookmark_type": "bookmark",
                        "bookmark_parent": "audio",
                        "bookmark_visibility": "Global"
                    },
                    "item_06": {
                        "object_name": "sound_effects_folder",
                        "process_type": "create_or_validate_object",
                        "parent_object": "audio_folder",
                        "display_name": "'sound_effects'",
                        "object_type": "folder",
                        "object_color": "",
                        "link": "True",
                        "dir_name": "sound_effects",
                        "filesystem_type": "folder",
                        "flame_type": "folder",
                        "parent_dir": "/{projekts_dir}/{projekt_dir}/ativos/audio",
                        "path": "/{projekts_dir}/{projekt_dir}/ativos/audio/sound_effects",
                        "bookmark_name": "sound_effects",
                        "bookmark_type": "bookmark",
                        "bookmark_parent": "audio",
                        "bookmark_visibility": "Global"
                    },
                    "item_07": {
                        "object_name": "stems_folder",
                        "process_type": "create_or_validate_object",
                        "parent_object": "audio_folder",
                        "display_name": "'stems'",
                        "object_type": "folder",
                        "object_color": "",
                        "link": "True",
                        "dir_name": "stems",
                        "filesystem_type": "folder",
                        "flame_type": "folder",
                        "parent_dir": "/{projekts_dir}/{projekt_dir}/ativos/audio",
                        "path": "/{projekts_dir}/{projekt_dir}/ativos/audio/stems",
                        "bookmark_name": "stems",
                        "bookmark_type": "bookmark",
                        "bookmark_parent": "audio",
                        "bookmark_visibility": "Global"
                    },
                    "item_08": {
                        "object_name": "voiceover_folder",
                        "process_type": "create_or_validate_object",
                        "parent_object": "audio_folder",
                        "display_name": "'voiceover'",
                        "object_type": "folder",
                        "object_color": "",
                        "link": "True",
                        "dir_name": "voiceover",
                        "filesystem_type": "folder",
                        "flame_type": "folder",
                        "parent_dir": "/{projekts_dir}/{projekt_dir}/ativos/audio",
                        "path": "/{projekts_dir}/{projekt_dir}/ativos/audio/voiceover",
                        "bookmark_name": "voiceover",
                        "bookmark_type": "bookmark",
                        "bookmark_parent": "audio",
                        "bookmark_visibility": "Global"
                    }
                }        
            },
            "item_09": {
                "object_name": "fonte_folder",
                "process_type": "create_or_validate_object",
                "parent_object": "ativos_library",
                "display_name": "'fonte'",
                "object_type": "folder",
                "object_color": "",
                "link": "True",
                "dir_name": "fonte",
                "filesystem_type": "folder",
                "flame_type": "folder",
                "parent_dir": "/{projekts_dir}/{projekt_dir}/ativos",
                "path": "/{projekts_dir}/{projekt_dir}/ativos/fonte",
                "bookmark_name": "fonte",
                "bookmark_type": "bookmark",
                "bookmark_parent": "ativos",
                "bookmark_visibility": "Global"
            },
            "item_10": {
                "object_name": "filmagem_folder",
                "process_type": "create_or_validate_object",
                "parent_object": "ativos_library",
                "display_name": "'filmagem'",
                "object_type": "folder",
                "object_color": "",
                "link": "True",
                "dir_name": "filmagem",
                "filesystem_type": "folder",
                "flame_type": "folder",
                "parent_dir": "/{projekts_dir}/{projekt_dir}/ativos",
                "path": "/{projekts_dir}/{projekt_dir}/ativos/filmagem",
                "bookmark_name": "filmagem",
                "bookmark_type": "folder",
                "bookmark_parent": "ativos",
                "bookmark_visibility": "Global",
                "children": {
                    "item_11": {
                        "object_name": "graduada_folder",
                        "process_type": "create_or_validate_object",
                        "parent_object": "filmagem_folder",
                        "display_name": "'graduada'",
                        "object_type": "folder",
                        "object_color": "",
                        "link": "True",
                        "dir_name": "graduada",
                        "filesystem_type": "folder",
                        "flame_type": "folder",
                        "parent_dir": "/{projekts_dir}/{projekt_dir}/ativos/filmagem",
                        "path": "/{projekts_dir}/{projekt_dir}/ativos/filmagem/graduada",
                        "bookmark_name": "graduada",
                        "bookmark_type": "bookmark",
                        "bookmark_parent": "filmagem",
                        "bookmark_visibility": "Global"
                    },
                    "item_12": {
                        "object_name": "lut_folder",
                        "process_type": "create_or_validate_object",
                        "parent_object": "filmagem_folder",
                        "display_name": "'lut'",
                        "object_type": "folder",
                        "object_color": "",
                        "link": "True",
                        "dir_name": "lut",
                        "filesystem_type": "folder",
                        "flame_type": "folder",
                        "parent_dir": "/{projekts_dir}/{projekt_dir}/ativos/filmagem",
                        "path": "/{projekts_dir}/{projekt_dir}/ativos/filmagem/lut",
                        "bookmark_name": "lut",
                        "bookmark_type": "bookmark",
                        "bookmark_parent": "filmagem",
                        "bookmark_visibility": "Global"
                    },
                    "item_13": {
                        "object_name": "bruta_folder",
                        "process_type": "create_or_validate_object",
                        "parent_object": "filmagem_folder",
                        "display_name": "'bruta'",
                        "object_type": "folder",
                        "object_color": "",
                        "link": "True",
                        "dir_name": "bruta",
                        "filesystem_type": "folder",
                        "flame_type": "folder",
                        "parent_dir": "/{projekts_dir}/{projekt_dir}/ativos/filmagem",
                        "path": "/{projekts_dir}/{projekt_dir}/ativos/filmagem/bruta",
                        "bookmark_name": "bruta",
                        "bookmark_type": "bookmark",
                        "bookmark_parent": "filmagem",
                        "bookmark_visibility": "Global"
                    },
                    "item_14": {
                        "object_name": "stock_folder",
                        "process_type": "create_or_validate_object",
                        "parent_object": "filmagem_folder",
                        "display_name": "'stock'",
                        "object_type": "folder",
                        "object_color": "",
                        "link": "True",
                        "dir_name": "stock",
                        "filesystem_type": "folder",
                        "flame_type": "folder",
                        "parent_dir": "/{projekts_dir}/{projekt_dir}/ativos/filmagem",
                        "path": "/{projekts_dir}/{projekt_dir}/ativos/filmagem/stock",
                        "bookmark_name": "stock",
                        "bookmark_type": "bookmark",
                        "bookmark_parent": "filmagem",
                        "bookmark_visibility": "Global"
                    },
                    "item_15": {
                        "object_name": "transcodes_folder",
                        "process_type": "create_or_validate_object",
                        "parent_object": "filmagem_folder",
                        "display_name": "'transcodes'",
                        "object_type": "folder",
                        "object_color": "",
                        "link": "True",
                        "dir_name": "transcodes",
                        "filesystem_type": "folder",
                        "flame_type": "folder",
                        "parent_dir": "/{projekts_dir}/{projekt_dir}/ativos/filmagem",
                        "path": "/{projekts_dir}/{projekt_dir}/ativos/filmagem/transcodes",
                        "bookmark_name": "transcodes",
                        "bookmark_type": "bookmark",
                        "bookmark_parent": "filmagem",
                        "bookmark_visibility": "Global"
                    },
                    "item_16": {
                        "object_name": "video_folder",
                        "process_type": "create_or_validate_object",
                        "parent_object": "filmagem_folder",
                        "display_name": "'video'",
                        "object_type": "folder",
                        "object_color": "",
                        "link": "True",
                        "dir_name": "video",
                        "filesystem_type": "folder",
                        "flame_type": "folder",
                        "parent_dir": "/{projekts_dir}/{projekt_dir}/ativos/filmagem",
                        "path": "/{projekts_dir}/{projekt_dir}/ativos/filmagem/video",
                        "bookmark_name": "video",
                        "bookmark_type": "bookmark",
                        "bookmark_parent": "filmagem",
                        "bookmark_visibility": "Global"
                    }
                }
            },
            "item_17": {
                "object_name": "gráficos_folder",
                "process_type": "create_or_validate_object",
                "parent_object": "ativos_library",
                "display_name": "'gráficos'",
                "object_type": "folder",
                "object_color": "",
                "link": "True",
                "dir_name": "gráficos",
                "filesystem_type": "folder",
                "flame_type": "folder",
                "parent_dir": "/{projekts_dir}/{projekt_dir}/ativos",
                "path": "/{projekts_dir}/{projekt_dir}/ativos/gráficos",
                "bookmark_name": "gráficos",
                "bookmark_type": "folder",
                "bookmark_parent": "ativos",
                "bookmark_visibility": "Global",
                "children": {
                    "item_18": {
                        "object_name": "obra_de_arte_folder",
                        "process_type": "create_or_validate_object",
                        "parent_object": "gráficos_folder",
                        "display_name": "'obra_de_arte'",
                        "object_type": "folder",
                        "object_color": "",
                        "link": "True",
                        "dir_name": "obra_de_arte",
                        "filesystem_type": "folder",
                        "flame_type": "folder",
                        "parent_dir": "/{projekts_dir}/{projekt_dir}/ativos/gráficos",
                        "path": "/{projekts_dir}/{projekt_dir}/ativos/gráficos/obra_de_arte",
                        "bookmark_name": "obra_de_arte",
                        "bookmark_type": "bookmark",
                        "bookmark_parent": "gráficos",
                        "bookmark_visibility": "Global"
                    },
                    "item_19": {
                        "object_name": "cgi_folder",
                        "process_type": "create_or_validate_object",
                        "parent_object": "gráficos_folder",
                        "display_name": "'cgi'",
                        "object_type": "folder",
                        "object_color": "",
                        "link": "True",
                        "dir_name": "cgi",
                        "filesystem_type": "folder",
                        "flame_type": "folder",
                        "parent_dir": "/{projekts_dir}/{projekt_dir}/ativos/gráficos",
                        "path": "/{projekts_dir}/{projekt_dir}/ativos/gráficos/cgi",
                        "bookmark_name": "cgi",
                        "bookmark_type": "bookmark",
                        "bookmark_parent": "gráficos",
                        "bookmark_visibility": "Global"
                    },
                    "item_20": {
                        "object_name": "imagens_folder",
                        "process_type": "create_or_validate_object",
                        "parent_object": "gráficos_folder",
                        "display_name": "'imagens'",
                        "object_type": "folder",
                        "object_color": "",
                        "link": "True",
                        "dir_name": "imagens",
                        "filesystem_type": "folder",
                        "flame_type": "folder",
                        "parent_dir": "/{projekts_dir}/{projekt_dir}/ativos/gráficos",
                        "path": "/{projekts_dir}/{projekt_dir}/ativos/gráficos/imagens",
                        "bookmark_name": "imagens",
                        "bookmark_type": "bookmark",
                        "bookmark_parent": "gráficos",
                        "bookmark_visibility": "Global"
                    },
                    "item_21": {
                        "object_name": "legal_folder",
                        "process_type": "create_or_validate_object",
                        "parent_object": "gráficos_folder",
                        "display_name": "'legal'",
                        "object_type": "folder",
                        "object_color": "",
                        "link": "True",
                        "dir_name": "legal",
                        "filesystem_type": "folder",
                        "flame_type": "folder",
                        "parent_dir": "/{projekts_dir}/{projekt_dir}/ativos/gráficos",
                        "path": "/{projekts_dir}/{projekt_dir}/ativos/gráficos/legal",
                        "bookmark_name": "legal",
                        "bookmark_type": "bookmark",
                        "bookmark_parent": "gráficos",
                        "bookmark_visibility": "Global"
                    },
                    "item_22": {
                        "object_name": "pintura_folder",
                        "process_type": "create_or_validate_object",
                        "parent_object": "gráficos_folder",
                        "display_name": "'pintura'",
                        "object_type": "folder",
                        "object_color": "",
                        "link": "True",
                        "dir_name": "pintura",
                        "filesystem_type": "folder",
                        "flame_type": "folder",
                        "parent_dir": "/{projekts_dir}/{projekt_dir}/ativos/gráficos",
                        "path": "/{projekts_dir}/{projekt_dir}/ativos/gráficos/pintura",
                        "bookmark_name": "pintura",
                        "bookmark_type": "bookmark",
                        "bookmark_parent": "gráficos",
                        "bookmark_visibility": "Global"
                    },
                    "item_23": {
                        "object_name": "photoshop_folder",
                        "process_type": "create_or_validate_object",
                        "parent_object": "gráficos_folder",
                        "display_name": "'photoshop'",
                        "object_type": "folder",
                        "object_color": "",
                        "link": "True",
                        "dir_name": "photoshop",
                        "filesystem_type": "folder",
                        "flame_type": "folder",
                        "parent_dir": "/{projekts_dir}/{projekt_dir}/ativos/gráficos",
                        "path": "/{projekts_dir}/{projekt_dir}/ativos/gráficos/photoshop",
                        "bookmark_name": "photoshop",
                        "bookmark_type": "bookmark",
                        "bookmark_parent": "gráficos",
                        "bookmark_visibility": "Global"
                    },
                    "item_24": {
                        "object_name": "claquetes_folder",
                        "process_type": "create_or_validate_object",
                        "parent_object": "gráficos_folder",
                        "display_name": "'claquetes'",
                        "object_type": "folder",
                        "object_color": "",
                        "link": "True",
                        "dir_name": "claquetes",
                        "filesystem_type": "folder",
                        "flame_type": "folder",
                        "parent_dir": "/{projekts_dir}/{projekt_dir}/ativos/gráficos",
                        "path": "/{projekts_dir}/{projekt_dir}/ativos/gráficos/claquetes",
                        "bookmark_name": "claquetes",
                        "bookmark_type": "bookmark",
                        "bookmark_parent": "gráficos",
                        "bookmark_visibility": "Global"
                    },
                    "item_25": {
                        "object_name": "legendas_folder",
                        "process_type": "create_or_validate_object",
                        "parent_object": "gráficos_folder",
                        "display_name": "'legendas'",
                        "object_type": "folder",
                        "object_color": "",
                        "link": "True",
                        "dir_name": "legendas",
                        "filesystem_type": "folder",
                        "flame_type": "folder",
                        "parent_dir": "/{projekts_dir}/{projekt_dir}/ativos/gráficos",
                        "path": "/{projekts_dir}/{projekt_dir}/ativos/gráficos/legendas",
                        "bookmark_name": "legendas",
                        "bookmark_type": "bookmark",
                        "bookmark_parent": "gráficos",
                        "bookmark_visibility": "Global"
                    },
                    "item_26": {
                        "object_name": "supers_folder",
                        "process_type": "create_or_validate_object",
                        "parent_object": "gráficos_folder",
                        "display_name": "'supers'",
                        "object_type": "folder",
                        "object_color": "",
                        "link": "True",
                        "dir_name": "supers",
                        "filesystem_type": "folder",
                        "flame_type": "folder",
                        "parent_dir": "/{projekts_dir}/{projekt_dir}/ativos/gráficos",
                        "path": "/{projekts_dir}/{projekt_dir}/ativos/gráficos/supers",
                        "bookmark_name": "supers",
                        "bookmark_type": "bookmark",
                        "bookmark_parent": "gráficos",
                        "bookmark_visibility": "Global"
                    },
                    "item_27": {
                        "object_name": "titulos_folder",
                        "process_type": "create_or_validate_object",
                        "parent_object": "gráficos_folder",
                        "display_name": "'titulos'",
                        "object_type": "folder",
                        "object_color": "",
                        "link": "True",
                        "dir_name": "titulos",
                        "filesystem_type": "folder",
                        "flame_type": "folder",
                        "parent_dir": "/{projekts_dir}/{projekt_dir}/ativos/gráficos",
                        "path": "/{projekts_dir}/{projekt_dir}/ativos/gráficos/titulos",
                        "bookmark_name": "titulos",
                        "bookmark_type": "bookmark",
                        "bookmark_parent": "gráficos",
                        "bookmark_visibility": "Global"
                    }
                }
            },
            "item_28": {
                "object_name": "diversos_folder",
                "process_type": "create_or_validate_object",
                "parent_object": "ativos_library",
                "display_name": "'diversos'",
                "object_type": "folder",
                "object_color": "",
                "link": "True",
                "dir_name": "diversos",
                "filesystem_type": "folder",
                "flame_type": "folder",
                "parent_dir": "/{projekts_dir}/{projekt_dir}/ativos",
                "path": "/{projekts_dir}/{projekt_dir}/ativos/diversos",
                "bookmark_name": "diversos",
                "bookmark_type": "bookmark",
                "bookmark_parent": "ativos",
                "bookmark_visibility": "Global"
            },
            "item_29": {
                "object_name": "matchmoving_folder",
                "process_type": "create_or_validate_object",
                "parent_object": "ativos_library",
                "display_name": "'matchmoving'",
                "object_type": "folder",
                "object_color": "",
                "link": "True",
                "dir_name": "matchmoving",
                "filesystem_type": "folder",
                "flame_type": "folder",
                "parent_dir": "/{projekts_dir}/{projekt_dir}/ativos",
                "path": "/{projekts_dir}/{projekt_dir}/ativos/matchmoving",
                "bookmark_name": "matchmoving",
                "bookmark_type": "bookmark",
                "bookmark_parent": "ativos",
                "bookmark_visibility": "Global",
                "children": {
                    "item_30": {
                        "object_name": "rastreamento_2d_folder",
                        "process_type": "create_or_validate_object",
                        "parent_object": "matchmoving_folder",
                        "display_name": "'rastreamento_2d'",
                        "object_type": "folder",
                        "object_color": "",
                        "link": "True",
                        "dir_name": "rastreamento_2d",
                        "filesystem_type": "folder",
                        "flame_type": "folder",
                        "parent_dir": "/{projekts_dir}/{projekt_dir}/ativos/matchmoving",
                        "path": "/{projekts_dir}/{projekt_dir}/ativos/matchmoving/rastreamento_2d",
                        "bookmark_name": "rastreamento_2d",
                        "bookmark_type": "bookmark",
                        "bookmark_parent": "matchmoving",
                        "bookmark_visibility": "Global"
                    },
                    "item_31": {
                        "object_name": "rastreamento_3d_folder",
                        "process_type": "create_or_validate_object",
                        "parent_object": "matchmoving_folder",
                        "display_name": "'rastreamento_3d'",
                        "object_type": "folder",
                        "object_color": "",
                        "link": "True",
                        "dir_name": "rastreamento_3d",
                        "filesystem_type": "folder",
                        "flame_type": "folder",
                        "parent_dir": "/{projekts_dir}/{projekt_dir}/ativos/matchmoving",
                        "path": "/{projekts_dir}/{projekt_dir}/ativos/matchmoving/rastreamento_3d",
                        "bookmark_name": "rastreamento_3d",
                        "bookmark_type": "bookmark",
                        "bookmark_parent": "matchmoving",
                        "bookmark_visibility": "Global"
                    }
                }
            },
            "item_32": {
                "object_name": "rotoscopia_folder",
                "process_type": "create_or_validate_object",
                "parent_object": "ativos_library",
                "display_name": "'rotoscopia'",
                "object_type": "folder",
                "object_color": "",
                "link": "True",
                "dir_name": "rotoscopia",
                "filesystem_type": "folder",
                "flame_type": "folder",
                "parent_dir": "/{projekts_dir}/{projekt_dir}/ativos",
                "path": "/{projekts_dir}/{projekt_dir}/ativos/rotoscopia",
                "bookmark_name": "rotoscopia",
                "bookmark_type": "folder",
                "bookmark_parent": "ativos",
                "bookmark_visibility": "Global",
                "children": {
                    "item_33": {
                        "object_name": "gmasks_folder",
                        "process_type": "create_or_validate_object",
                        "parent_object": "rotoscopia_folder",
                        "display_name": "'gmasks'",
                        "object_type": "folder",
                        "object_color": "",
                        "link": "True",
                        "dir_name": "gmasks",
                        "filesystem_type": "folder",
                        "flame_type": "folder",
                        "parent_dir": "/{projekts_dir}/{projekt_dir}/ativos/rotoscopia",
                        "path": "/{projekts_dir}/{projekt_dir}/ativos/rotoscopia/gmasks",
                        "bookmark_name": "gmasks",
                        "bookmark_type": "bookmark",
                        "bookmark_parent": "rotoscopia",
                        "bookmark_visibility": "Global"
                    },
                    "item_34": {
                        "object_name": "raster_folder",
                        "process_type": "create_or_validate_object",
                        "parent_object": "rotoscopia_folder",
                        "display_name": "'raster'",
                        "object_type": "folder",
                        "object_color": "",
                        "link": "True",
                        "dir_name": "raster",
                        "filesystem_type": "folder",
                        "flame_type": "folder",
                        "parent_dir": "/{projekts_dir}/{projekt_dir}/ativos/rotoscopia",
                        "path": "/{projekts_dir}/{projekt_dir}/ativos/rotoscopia/raster",
                        "bookmark_name": "raster",
                        "bookmark_type": "bookmark",
                        "bookmark_parent": "rotoscopia",
                        "bookmark_visibility": "Global"
                    },
                    "item_35": {
                        "object_name": "source_folder",
                        "process_type": "create_or_validate_object",
                        "parent_object": "rotoscopia_folder",
                        "display_name": "'source'",
                        "object_type": "folder",
                        "object_color": "",
                        "link": "True",
                        "dir_name": "source",
                        "filesystem_type": "folder",
                        "flame_type": "folder",
                        "parent_dir": "/{projekts_dir}/{projekt_dir}/ativos/rotoscopia",
                        "path": "/{projekts_dir}/{projekt_dir}/ativos/rotoscopia/source",
                        "bookmark_name": "source",
                        "bookmark_type": "bookmark",
                        "bookmark_parent": "rotoscopia",
                        "bookmark_visibility": "Global"
                    }
                }
            }
        }
    }
}