{
    "item_00": {
        "object_name": "",
        "process_type": "",
        "parent_object": "",
        "display_name": "",
        "object_type": "",
        "object_color": "",
        "link": "False",
        "dir_name": "backup",
        "filesystem_type": "folder",
        "flame_type": "",
        "parent_dir": "/{projekts_dir}/{projekt_dir}",
        "path": "/{projekts_dir}/{projekt_dir}/backup",
        "bookmark_name": "",
        "bookmark_type": "",
        "bookmark_parent": "",
        "bookmark_visibility": "",
        "children": {
            "item_01": {
                "object_name": "",
                "process_type": "",
                "parent_object": "",
                "display_name": "",
                "object_type": "",
                "object_color": "",
                "link": "False",
                "dir_name": "backup_scripts",
                "filesystem_type": "folder",
                "flame_type": "",
                "parent_dir": "/{projekts_dir}/{projekt_dir}/backup",
                "path": "/{projekts_dir}/{projekt_dir}/backup/backup_scripts",
                "bookmark_name": "",
                "bookmark_type": "",
                "bookmark_parent": "",
                "bookmark_visibility": ""
            }
        }
    }
}
