{
    "item_00": {
        "object_name": "",
        "process_type": "",
        "parent_object": "",
        "display_name": "",
        "object_type": "",
        "object_color": "",
        "link": "False",
        "dir_name": "cenas",
        "filesystem_type": "folder",
        "flame_type": "",
        "parent_dir": "/{projekts_dir}/{projekt_dir}",
        "path": "/{projekts_dir}/{projekt_dir}/cenas",
        "bookmark_name": "cenas",
        "bookmark_type": "folder",
        "bookmark_parent": "projekt directories",
        "bookmark_visibility": "Global",
        "children": {
            "item_01": {
                "object_name": "",
                "process_type": "",
                "parent_object": "",
                "display_name": "",
                "object_type": "",
                "object_color": "",
                "link": "False",
                "dir_name": "3ds",
                "filesystem_type": "folder",
                "flame_type": "",
                "parent_dir": "/{projekts_dir}/{projekt_dir}/cenas",
                "path": "/{projekts_dir}/{projekt_dir}/cenas/3ds",
                "bookmark_name": "3ds",
                "bookmark_type": "bookmark",
                "bookmark_parent": "cenas",
                "bookmark_visibility": "Global"
            },
            "item_02": {
                "object_name": "",
                "process_type": "",
                "parent_object": "",
                "display_name": "",
                "object_type": "",
                "object_color": "",
                "link": "False",
                "dir_name": "alembic",
                "filesystem_type": "folder",
                "flame_type": "",
                "parent_dir": "/{projekts_dir}/{projekt_dir}/cenas",
                "path": "/{projekts_dir}/{projekt_dir}/cenas/alembic",
                "bookmark_name": "alembic",
                "bookmark_type": "bookmark",
                "bookmark_parent": "cenas",
                "bookmark_visibility": "Global"
            },
            "item_03": {
                "object_name": "",
                "process_type": "",
                "parent_object": "",
                "display_name": "",
                "object_type": "",
                "object_color": "",
                "link": "False",
                "dir_name": "baselight",
                "filesystem_type": "folder",
                "flame_type": "",
                "parent_dir": "/{projekts_dir}/{projekt_dir}/cenas",
                "path": "/{projekts_dir}/{projekt_dir}/cenas/baselight",
                "bookmark_name": "baselight",
                "bookmark_type": "bookmark",
                "bookmark_parent": "cenas",
                "bookmark_visibility": "Global"
            },
            "item_04": {
                "object_name": "",
                "process_type": "",
                "parent_object": "",
                "display_name": "",
                "object_type": "",
                "object_color": "",
                "link": "False",
                "dir_name": "blender",
                "filesystem_type": "folder",
                "flame_type": "",
                "parent_dir": "/{projekts_dir}/{projekt_dir}/cenas",
                "path": "/{projekts_dir}/{projekt_dir}/cenas/blender",
                "bookmark_name": "blender",
                "bookmark_type": "bookmark",
                "bookmark_parent": "cenas",
                "bookmark_visibility": "Global"
            },
            "item_05": {
                "object_name": "",
                "process_type": "",
                "parent_object": "",
                "display_name": "",
                "object_type": "",
                "object_color": "",
                "link": "False",
                "dir_name": "c4d",
                "filesystem_type": "folder",
                "flame_type": "",
                "parent_dir": "/{projekts_dir}/{projekt_dir}/cenas",
                "path": "/{projekts_dir}/{projekt_dir}/cenas/c4d",
                "bookmark_name": "c4d",
                "bookmark_type": "bookmark",
                "bookmark_parent": "cenas",
                "bookmark_visibility": "Global"
            },
            "item_06": {
                "object_name": "",
                "process_type": "",
                "parent_object": "",
                "display_name": "",
                "object_type": "",
                "object_color": "",
                "link": "False",
                "dir_name": "cut",
                "filesystem_type": "folder",
                "flame_type": "",
                "parent_dir": "/{projekts_dir}/{projekt_dir}/cenas",
                "path": "/{projekts_dir}/{projekt_dir}/cenas/cut",
                "bookmark_name": "cut",
                "bookmark_type": "bookmark",
                "bookmark_parent": "cenas",
                "bookmark_visibility": "Global"
            },
            "item_07": {
                "object_name": "",
                "process_type": "",
                "parent_object": "",
                "display_name": "",
                "object_type": "",
                "object_color": "",
                "link": "False",
                "dir_name": "fbx",
                "filesystem_type": "folder",
                "flame_type": "",
                "parent_dir": "/{projekts_dir}/{projekt_dir}/cenas",
                "path": "/{projekts_dir}/{projekt_dir}/cenas/fbx",
                "bookmark_name": "fbx",
                "bookmark_type": "bookmark",
                "bookmark_parent": "cenas",
                "bookmark_visibility": "Global"
            },
            "item_08": {
                "object_name": "",
                "process_type": "",
                "parent_object": "",
                "display_name": "",
                "object_type": "",
                "object_color": "",
                "link": "False",
                "dir_name": "geometry",
                "filesystem_type": "folder",
                "flame_type": "",
                "parent_dir": "/{projekts_dir}/{projekt_dir}/cenas",
                "path": "/{projekts_dir}/{projekt_dir}/cenas/geometry",
                "bookmark_name": "geometry",
                "bookmark_type": "bookmark",
                "bookmark_parent": "cenas",
                "bookmark_visibility": "Global"
            },
            "item_09": {
                "object_name": "",
                "process_type": "",
                "parent_object": "",
                "display_name": "",
                "object_type": "",
                "object_color": "",
                "link": "False",
                "dir_name": "houdini",
                "filesystem_type": "folder",
                "flame_type": "",
                "parent_dir": "/{projekts_dir}/{projekt_dir}/cenas",
                "path": "/{projekts_dir}/{projekt_dir}/cenas/houdini",
                "bookmark_name": "houdini",
                "bookmark_type": "bookmark",
                "bookmark_parent": "cenas",
                "bookmark_visibility": "Global"
            },
            "item_10": {
                "object_name": "",
                "process_type": "",
                "parent_object": "",
                "display_name": "",
                "object_type": "",
                "object_color": "",
                "link": "False",
                "dir_name": "maya",
                "filesystem_type": "folder",
                "flame_type": "",
                "parent_dir": "/{projekts_dir}/{projekt_dir}/cenas",
                "path": "/{projekts_dir}/{projekt_dir}/cenas/maya",
                "bookmark_name": "maya",
                "bookmark_type": "bookmark",
                "bookmark_parent": "cenas",
                "bookmark_visibility": "Global"
            },
            "item_11": {
                "object_name": "",
                "process_type": "",
                "parent_object": "",
                "display_name": "",
                "object_type": "",
                "object_color": "",
                "link": "False",
                "dir_name": "resolve",
                "filesystem_type": "folder",
                "flame_type": "",
                "parent_dir": "/{projekts_dir}/{projekt_dir}/cenas",
                "path": "/{projekts_dir}/{projekt_dir}/cenas/resolve",
                "bookmark_name": "resolve",
                "bookmark_type": "bookmark",
                "bookmark_parent": "cenas",
                "bookmark_visibility": "Global"
            },
            "item_12": {
                "object_name": "",
                "process_type": "",
                "parent_object": "",
                "display_name": "",
                "object_type": "",
                "object_color": "",
                "link": "False",
                "dir_name": "unity",
                "filesystem_type": "folder",
                "flame_type": "",
                "parent_dir": "/{projekts_dir}/{projekt_dir}/cenas",
                "path": "/{projekts_dir}/{projekt_dir}/cenas/unity",
                "bookmark_name": "unity",
                "bookmark_type": "bookmark",
                "bookmark_parent": "cenas",
                "bookmark_visibility": "Global"
            },
            "item_13": {
                "object_name": "",
                "process_type": "",
                "parent_object": "",
                "display_name": "",
                "object_type": "",
                "object_color": "",
                "link": "False",
                "dir_name": "unreal_engine",
                "filesystem_type": "folder",
                "flame_type": "",
                "parent_dir": "/{projekts_dir}/{projekt_dir}/cenas",
                "path": "/{projekts_dir}/{projekt_dir}/cenas/unreal_engine",
                "bookmark_name": "unreal_engine",
                "bookmark_type": "bookmark",
                "bookmark_parent": "cenas",
                "bookmark_visibility": "Global"
            },
            "item_14": {
                "object_name": "",
                "process_type": "",
                "parent_object": "",
                "display_name": "",
                "object_type": "",
                "object_color": "",
                "link": "False",
                "dir_name": "usd",
                "filesystem_type": "folder",
                "flame_type": "",
                "parent_dir": "/{projekts_dir}/{projekt_dir}/cenas",
                "path": "/{projekts_dir}/{projekt_dir}/cenas/usd",
                "bookmark_name": "usd",
                "bookmark_type": "bookmark",
                "bookmark_parent": "cenas",
                "bookmark_visibility": "Global"
            }
        }
    }
}
