{
    "item_00": {
        "object_name": "",
        "process_type": "",
        "parent_object": "",
        "display_name": "",
        "object_type": "",
        "object_color": "",
        "link": "False",
        "dir_name": "cfg",
        "filesystem_type": "folder",
        "flame_type": "",
        "parent_dir": "/{projekts_dir}/{projekt_dir}",
        "path": "/{projekts_dir}/{projekt_dir}/cfg",
        "bookmark_name": "",
        "bookmark_type": "",
        "bookmark_parent": "",
        "bookmark_visibility": "",
        "children": {
            "item_01": {
                "object_name": "",
                "process_type": "",
                "parent_object": "",
                "display_name": "",
                "object_type": "",
                "object_color": "",
                "link": "False",
                "dir_name": "log",
                "filesystem_type": "folder",
                "flame_type": "",
                "parent_dir": "/{projekts_dir}/{projekt_dir}/cfg",
                "path": "/{projekts_dir}/{projekt_dir}/cfg/log",
                "bookmark_name": "",
                "bookmark_type": "",
                "bookmark_parent": "",
                "bookmark_visibility": ""
            },
            "item_02": {
                "object_name": "",
                "process_type": "",
                "parent_object": "",
                "display_name": "",
                "object_type": "",
                "object_color": "",
                "link": "False",
                "dir_name": "pref",
                "filesystem_type": "folder",
                "flame_type": "",
                "parent_dir": "/{projekts_dir}/{projekt_dir}/cfg",
                "path": "/{projekts_dir}/{projekt_dir}/cfg/pref",
                "bookmark_name": "",
                "bookmark_type": "",
                "bookmark_parent": "",
                "bookmark_visibility": ""
            },
            "item_03": {
                "object_name": "",
                "process_type": "",
                "parent_object": "",
                "display_name": "",
                "object_type": "",
                "object_color": "",
                "link": "False",
                "dir_name": "template",
                "filesystem_type": "folder",
                "flame_type": "",
                "parent_dir": "/{projekts_dir}/{projekt_dir}/cfg",
                "path": "/{projekts_dir}/{projekt_dir}/cfg/template",
                "bookmark_name": "",
                "bookmark_type": "",
                "bookmark_parent": "",
                "bookmark_visibility": ""
            },
            "item_04": {
                "object_name": "",
                "process_type": "",
                "parent_object": "",
                "display_name": "",
                "object_type": "",
                "object_color": "",
                "link": "False",
                "dir_name": "workstation",
                "filesystem_type": "folder",
                "flame_type": "",
                "parent_dir": "/{projekts_dir}/{projekt_dir}/cfg",
                "path": "/{projekts_dir}/{projekt_dir}/cfg/workstation",
                "bookmark_name": "",
                "bookmark_type": "",
                "bookmark_parent": "",
                "bookmark_visibility": ""
            }
        }
    }
}
