{
    "item_00": {
        "object_name": "",
        "process_type": "",
        "parent_object": "",
        "display_name": "",
        "object_type": "",
        "object_color": "",
        "link": "False",
        "dir_name": "docs",
        "filesystem_type": "folder",
        "flame_type": "",
        "parent_dir": "/{projekts_dir}/{projekt_dir}",
        "path": "/{projekts_dir}/{projekt_dir}/docs",
        "bookmark_name": "",
        "bookmark_type": "",
        "bookmark_parent": "",
        "bookmark_visibility": "",
        "children": {
            "item_01": {
                "object_name": "",
                "process_type": "",
                "parent_object": "",
                "display_name": "",
                "object_type": "",
                "object_color": "",
                "link": "False",
                "dir_name": "acordos",
                "filesystem_type": "folder",
                "flame_type": "",
                "parent_dir": "/{projekts_dir}/{projekt_dir}/docs",
                "path": "/{projekts_dir}/{projekt_dir}/docs/acordos",
                "bookmark_name": "",
                "bookmark_type": "",
                "bookmark_parent": "",
                "bookmark_visibility": "",
                "children": {
                    "item_02": {
                        "object_name": "",
                        "process_type": "",
                        "parent_object": "",
                        "display_name": "",
                        "object_type": "",
                        "object_color": "",
                        "link": "False",
                        "dir_name": "emprego",
                        "filesystem_type": "folder",
                        "flame_type": "",
                        "parent_dir": "/{projekts_dir}/{projekt_dir}/docs/acordos",
                        "path": "/{projekts_dir}/{projekt_dir}/docs/acordos/emprego",
                        "bookmark_name": "",
                        "bookmark_type": "",
                        "bookmark_parent": "",
                        "bookmark_visibility": ""
                    },
                    "item_03": {
                        "object_name": "",
                        "process_type": "",
                        "parent_object": "",
                        "display_name": "",
                        "object_type": "",
                        "object_color": "",
                        "link": "False",
                        "dir_name": "memorandos_de_entendimento",
                        "filesystem_type": "folder",
                        "flame_type": "",
                        "parent_dir": "/{projekts_dir}/{projekt_dir}/docs/acordos",
                        "path": "/{projekts_dir}/{projekt_dir}/docs/acordos/memorandos_de_entendimento",
                        "bookmark_name": "",
                        "bookmark_type": "",
                        "bookmark_parent": "",
                        "bookmark_visibility": ""
                    },
                    "item_04": {
                        "object_name": "",
                        "process_type": "",
                        "parent_object": "",
                        "display_name": "",
                        "object_type": "",
                        "object_color": "",
                        "link": "False",
                        "dir_name": "não_divulgação",
                        "filesystem_type": "folder",
                        "flame_type": "",
                        "parent_dir": "/{projekts_dir}/{projekt_dir}/docs/acordos",
                        "path": "/{projekts_dir}/{projekt_dir}/docs/acordos/não_divulgação",
                        "bookmark_name": "",
                        "bookmark_type": "",
                        "bookmark_parent": "",
                        "bookmark_visibility": ""
                    },
                    "item_05": {
                        "object_name": "",
                        "process_type": "",
                        "parent_object": "",
                        "display_name": "",
                        "object_type": "",
                        "object_color": "",
                        "link": "False",
                        "dir_name": "serviço",
                        "filesystem_type": "folder",
                        "flame_type": "",
                        "parent_dir": "/{projekts_dir}/{projekt_dir}/docs/acordos",
                        "path": "/{projekts_dir}/{projekt_dir}/docs/acordos/serviço",
                        "bookmark_name": "",
                        "bookmark_type": "",
                        "bookmark_parent": "",
                        "bookmark_visibility": ""
                    }
                }
            },
            "item_06": {
                "object_name": "",
                "process_type": "",
                "parent_object": "",
                "display_name": "",
                "object_type": "",
                "object_color": "",
                "link": "False",
                "dir_name": "briefings",
                "filesystem_type": "folder",
                "flame_type": "",
                "parent_dir": "/{projekts_dir}/{projekt_dir}/docs",
                "path": "/{projekts_dir}/{projekt_dir}/docs/briefings",
                "bookmark_name": "",
                "bookmark_type": "",
                "bookmark_parent": "",
                "bookmark_visibility": "",
                "children": {
                    "item_07": {
                        "object_name": "",
                        "process_type": "",
                        "parent_object": "",
                        "display_name": "",
                        "object_type": "",
                        "object_color": "",
                        "link": "False",
                        "dir_name": "briefings_de_design",
                        "filesystem_type": "folder",
                        "flame_type": "",
                        "parent_dir": "/{projekts_dir}/{projekt_dir}/docs/briefings",
                        "path": "/{projekts_dir}/{projekt_dir}/docs/briefings/briefings_de_design",
                        "bookmark_name": "",
                        "bookmark_type": "",
                        "bookmark_parent": "",
                        "bookmark_visibility": ""
                    },
                    "item_08": {
                        "object_name": "",
                        "process_type": "",
                        "parent_object": "",
                        "display_name": "",
                        "object_type": "",
                        "object_color": "",
                        "link": "False",
                        "dir_name": "briefings_de_marketing",
                        "filesystem_type": "folder",
                        "flame_type": "",
                        "parent_dir": "/{projekts_dir}/{projekt_dir}/docs/briefings",
                        "path": "/{projekts_dir}/{projekt_dir}/docs/briefings/briefings_de_marketing",
                        "bookmark_name": "",
                        "bookmark_type": "",
                        "bookmark_parent": "",
                        "bookmark_visibility": ""
                    },
                    "item_09": {
                        "object_name": "",
                        "process_type": "",
                        "parent_object": "",
                        "display_name": "",
                        "object_type": "",
                        "object_color": "",
                        "link": "False",
                        "dir_name": "briefings_de_projeto",
                        "filesystem_type": "folder",
                        "flame_type": "",
                        "parent_dir": "/{projekts_dir}/{projekt_dir}/docs/briefings",
                        "path": "/{projekts_dir}/{projekt_dir}/docs/briefings/briefings_de_projeto",
                        "bookmark_name": "",
                        "bookmark_type": "",
                        "bookmark_parent": "",
                        "bookmark_visibility": ""
                    }
                }
            },
            "item_10": {
                "object_name": "",
                "process_type": "",
                "parent_object": "",
                "display_name": "",
                "object_type": "",
                "object_color": "",
                "link": "False",
                "dir_name": "contratos",
                "filesystem_type": "folder",
                "flame_type": "",
                "parent_dir": "/{projekts_dir}/{projekt_dir}/docs",
                "path": "/{projekts_dir}/{projekt_dir}/docs/contratos",
                "bookmark_name": "",
                "bookmark_type": "",
                "bookmark_parent": "",
                "bookmark_visibility": "",
                "children": {
                    "item_11": {
                        "object_name": "",
                        "process_type": "",
                        "parent_object": "",
                        "display_name": "",
                        "object_type": "",
                        "object_color": "",
                        "link": "False",
                        "dir_name": "contratos_de_clientes",
                        "filesystem_type": "folder",
                        "flame_type": "",
                        "parent_dir": "/{projekts_dir}/{projekt_dir}/docs/contratos",
                        "path": "/{projekts_dir}/{projekt_dir}/docs/contratos/contratos_de_clientes",
                        "bookmark_name": "",
                        "bookmark_type": "",
                        "bookmark_parent": "",
                        "bookmark_visibility": ""
                    },
                    "item_12": {
                        "object_name": "",
                        "process_type": "",
                        "parent_object": "",
                        "display_name": "",
                        "object_type": "",
                        "object_color": "",
                        "link": "False",
                        "dir_name": "contratos_de_aluguel",
                        "filesystem_type": "folder",
                        "flame_type": "",
                        "parent_dir": "/{projekts_dir}/{projekt_dir}/docs/contratos",
                        "path": "/{projekts_dir}/{projekt_dir}/docs/contratos/contratos_de_aluguel",
                        "bookmark_name": "",
                        "bookmark_type": "",
                        "bookmark_parent": "",
                        "bookmark_visibility": ""
                    },
                    "item_13": {
                        "object_name": "",
                        "process_type": "",
                        "parent_object": "",
                        "display_name": "",
                        "object_type": "",
                        "object_color": "",
                        "link": "False",
                        "dir_name": "contratos_de_fornecedores",
                        "filesystem_type": "folder",
                        "flame_type": "",
                        "parent_dir": "/{projekts_dir}/{projekt_dir}/docs/contratos",
                        "path": "/{projekts_dir}/{projekt_dir}/docs/contratos/contratos_de_fornecedores",
                        "bookmark_name": "",
                        "bookmark_type": "",
                        "bookmark_parent": "",
                        "bookmark_visibility": ""
                    }
                }
            },
            "item_14": {
                "object_name": "",
                "process_type": "",
                "parent_object": "",
                "display_name": "",
                "object_type": "",
                "object_color": "",
                "link": "False",
                "dir_name": "designs",
                "filesystem_type": "folder",
                "flame_type": "",
                "parent_dir": "/{projekts_dir}/{projekt_dir}/docs",
                "path": "/{projekts_dir}/{projekt_dir}/docs/designs",
                "bookmark_name": "",
                "bookmark_type": "",
                "bookmark_parent": "",
                "bookmark_visibility": "",
                "children": {
                    "item_15": {
                        "object_name": "",
                        "process_type": "",
                        "parent_object": "",
                        "display_name": "",
                        "object_type": "",
                        "object_color": "",
                        "link": "False",
                        "dir_name": "mockups",
                        "filesystem_type": "folder",
                        "flame_type": "",
                        "parent_dir": "/{projekts_dir}/{projekt_dir}/docs/designs",
                        "path": "/{projekts_dir}/{projekt_dir}/docs/designs/mockups",
                        "bookmark_name": "",
                        "bookmark_type": "",
                        "bookmark_parent": "",
                        "bookmark_visibility": ""
                    },
                    "item_16": {
                        "object_name": "",
                        "process_type": "",
                        "parent_object": "",
                        "display_name": "",
                        "object_type": "",
                        "object_color": "",
                        "link": "False",
                        "dir_name": "especificações",
                        "filesystem_type": "folder",
                        "flame_type": "",
                        "parent_dir": "/{projekts_dir}/{projekt_dir}/docs/designs",
                        "path": "/{projekts_dir}/{projekt_dir}/docs/designs/especificações",
                        "bookmark_name": "",
                        "bookmark_type": "",
                        "bookmark_parent": "",
                        "bookmark_visibility": ""
                    },
                    "item_17": {
                        "object_name": "",
                        "process_type": "",
                        "parent_object": "",
                        "display_name": "",
                        "object_type": "",
                        "object_color": "",
                        "link": "False",
                        "dir_name": "wireframes",
                        "filesystem_type": "folder",
                        "flame_type": "",
                        "parent_dir": "/{projekts_dir}/{projekt_dir}/docs/designs",
                        "path": "/{projekts_dir}/{projekt_dir}/docs/designs/wireframes",
                        "bookmark_name": "",
                        "bookmark_type": "",
                        "bookmark_parent": "",
                        "bookmark_visibility": ""
                    }
                }
            },
            "item_18": {
                "object_name": "",
                "process_type": "",
                "parent_object": "",
                "display_name": "",
                "object_type": "",
                "object_color": "",
                "link": "False",
                "dir_name": "estimativas",
                "filesystem_type": "folder",
                "flame_type": "",
                "parent_dir": "/{projekts_dir}/{projekt_dir}/docs",
                "path": "/{projekts_dir}/{projekt_dir}/docs/estimativas",
                "bookmark_name": "",
                "bookmark_type": "",
                "bookmark_parent": "",
                "bookmark_visibility": "",
                "children": {
                    "item_19": {
                        "object_name": "",
                        "process_type": "",
                        "parent_object": "",
                        "display_name": "",
                        "object_type": "",
                        "object_color": "",
                        "link": "False",
                        "dir_name": "estimativas_de_custo",
                        "filesystem_type": "folder",
                        "flame_type": "",
                        "parent_dir": "/{projekts_dir}/{projekt_dir}/docs/estimativas",
                        "path": "/{projekts_dir}/{projekt_dir}/docs/estimativas/estimativas_de_custo",
                        "bookmark_name": "",
                        "bookmark_type": "",
                        "bookmark_parent": "",
                        "bookmark_visibility": ""
                    },
                    "item_20": {
                        "object_name": "",
                        "process_type": "",
                        "parent_object": "",
                        "display_name": "",
                        "object_type": "",
                        "object_color": "",
                        "link": "False",
                        "dir_name": "estimativas_de_projeto",
                        "filesystem_type": "folder",
                        "flame_type": "",
                        "parent_dir": "/{projekts_dir}/{projekt_dir}/docs/estimativas",
                        "path": "/{projekts_dir}/{projekt_dir}/docs/estimativas/estimativas_de_projeto",
                        "bookmark_name": "",
                        "bookmark_type": "",
                        "bookmark_parent": "",
                        "bookmark_visibility": ""
                    },
                    "item_21": {
                        "object_name": "",
                        "process_type": "",
                        "parent_object": "",
                        "display_name": "",
                        "object_type": "",
                        "object_color": "",
                        "link": "False",
                        "dir_name": "estimativas_de_tempo",
                        "filesystem_type": "folder",
                        "flame_type": "",
                        "parent_dir": "/{projekts_dir}/{projekt_dir}/docs/estimativas",
                        "path": "/{projekts_dir}/{projekt_dir}/docs/estimativas/estimativas_de_tempo",
                        "bookmark_name": "",
                        "bookmark_type": "",
                        "bookmark_parent": "",
                        "bookmark_visibility": ""
                    }
                }
            },
            "item_22": {
                "object_name": "",
                "process_type": "",
                "parent_object": "",
                "display_name": "",
                "object_type": "",
                "object_color": "",
                "link": "False",
                "dir_name": "financeiro",
                "filesystem_type": "folder",
                "flame_type": "",
                "parent_dir": "/{projekts_dir}/{projekt_dir}/docs",
                "path": "/{projekts_dir}/{projekt_dir}/docs/financeiro",
                "bookmark_name": "",
                "bookmark_type": "",
                "bookmark_parent": "",
                "bookmark_visibility": "",
                "children": {
                    "item_23": {
                        "object_name": "",
                        "process_type": "",
                        "parent_object": "",
                        "display_name": "",
                        "object_type": "",
                        "object_color": "",
                        "link": "False",
                        "dir_name": "orçamentos",
                        "filesystem_type": "folder",
                        "flame_type": "",
                        "parent_dir": "/{projekts_dir}/{projekt_dir}/docs/financeiro",
                        "path": "/{projekts_dir}/{projekt_dir}/docs/financeiro/orçamentos",
                        "bookmark_name": "",
                        "bookmark_type": "",
                        "bookmark_parent": "",
                        "bookmark_visibility": ""
                    },
                    "item_24": {
                        "object_name": "",
                        "process_type": "",
                        "parent_object": "",
                        "display_name": "",
                        "object_type": "",
                        "object_color": "",
                        "link": "False",
                        "dir_name": "faturas",
                        "filesystem_type": "folder",
                        "flame_type": "",
                        "parent_dir": "/{projekts_dir}/{projekt_dir}/docs/financeiro",
                        "path": "/{projekts_dir}/{projekt_dir}/docs/financeiro/faturas",
                        "bookmark_name": "",
                        "bookmark_type": "",
                        "bookmark_parent": "",
                        "bookmark_visibility": ""
                    },
                    "item_25": {
                        "object_name": "",
                        "process_type": "",
                        "parent_object": "",
                        "display_name": "",
                        "object_type": "",
                        "object_color": "",
                        "link": "False",
                        "dir_name": "relatórios",
                        "filesystem_type": "folder",
                        "flame_type": "",
                        "parent_dir": "/{projekts_dir}/{projekt_dir}/docs/financeiro",
                        "path": "/{projekts_dir}/{projekt_dir}/docs/financeiro/relatórios",
                        "bookmark_name": "",
                        "bookmark_type": "",
                        "bookmark_parent": "",
                        "bookmark_visibility": ""
                    },
                    "item_26": {
                        "object_name": "",
                        "process_type": "",
                        "parent_object": "",
                        "display_name": "",
                        "object_type": "",
                        "object_color": "",
                        "link": "False",
                        "dir_name": "declarações",
                        "filesystem_type": "folder",
                        "flame_type": "",
                        "parent_dir": "/{projekts_dir}/{projekt_dir}/docs/financeiro",
                        "path": "/{projekts_dir}/{projekt_dir}/docs/financeiro/declarações",
                        "bookmark_name": "",
                        "bookmark_type": "",
                        "bookmark_parent": "",
                        "bookmark_visibility": ""
                    }
                }
            },
            "item_27": {
                "object_name": "",
                "process_type": "",
                "parent_object": "",
                "display_name": "",
                "object_type": "",
                "object_color": "",
                "link": "False",
                "dir_name": "diretrizes",
                "filesystem_type": "folder",
                "flame_type": "",
                "parent_dir": "/{projekts_dir}/{projekt_dir}/docs",
                "path": "/{projekts_dir}/{projekt_dir}/docs/diretrizes",
                "bookmark_name": "",
                "bookmark_type": "",
                "bookmark_parent": "",
                "bookmark_visibility": "",
                "children": {
                    "item_28": {
                        "object_name": "",
                        "process_type": "",
                        "parent_object": "",
                        "display_name": "",
                        "object_type": "",
                        "object_color": "",
                        "link": "False",
                        "dir_name": "branding",
                        "filesystem_type": "folder",
                        "flame_type": "",
                        "parent_dir": "/{projekts_dir}/{projekt_dir}/docs/diretrizes",
                        "path": "/{projekts_dir}/{projekt_dir}/docs/diretrizes/branding",
                        "bookmark_name": "",
                        "bookmark_type": "",
                        "bookmark_parent": "",
                        "bookmark_visibility": ""
                    },
                    "item_29": {
                        "object_name": "",
                        "process_type": "",
                        "parent_object": "",
                        "display_name": "",
                        "object_type": "",
                        "object_color": "",
                        "link": "False",
                        "dir_name": "conformidade",
                        "filesystem_type": "folder",
                        "flame_type": "",
                        "parent_dir": "/{projekts_dir}/{projekt_dir}/docs/diretrizes",
                        "path": "/{projekts_dir}/{projekt_dir}/docs/diretrizes/conformidade",
                        "bookmark_name": "",
                        "bookmark_type": "",
                        "bookmark_parent": "",
                        "bookmark_visibility": ""
                    },
                    "item_30": {
                        "object_name": "",
                        "process_type": "",
                        "parent_object": "",
                        "display_name": "",
                        "object_type": "",
                        "object_color": "",
                        "link": "False",
                        "dir_name": "localização",
                        "filesystem_type": "folder",
                        "flame_type": "",
                        "parent_dir": "/{projekts_dir}/{projekt_dir}/docs/diretrizes",
                        "path": "/{projekts_dir}/{projekt_dir}/docs/diretrizes/localização",
                        "bookmark_name": "",
                        "bookmark_type": "",
                        "bookmark_parent": "",
                        "bookmark_visibility": ""
                    },
                    "item_31": {
                        "object_name": "",
                        "process_type": "",
                        "parent_object": "",
                        "display_name": "",
                        "object_type": "",
                        "object_color": "",
                        "link": "False",
                        "dir_name": "guia_de_estilo",
                        "filesystem_type": "folder",
                        "flame_type": "",
                        "parent_dir": "/{projekts_dir}/{projekt_dir}/docs/diretrizes",
                        "path": "/{projekts_dir}/{projekt_dir}/docs/diretrizes/guia_de_estilo",
                        "bookmark_name": "",
                        "bookmark_type": "",
                        "bookmark_parent": "",
                        "bookmark_visibility": ""
                    }
                }
            },
            "item_32": {
                "object_name": "",
                "process_type": "",
                "parent_object": "",
                "display_name": "",
                "object_type": "",
                "object_color": "",
                "link": "False",
                "dir_name": "manuais",
                "filesystem_type": "folder",
                "flame_type": "",
                "parent_dir": "/{projekts_dir}/{projekt_dir}/docs",
                "path": "/{projekts_dir}/{projekt_dir}/docs/manuais",
                "bookmark_name": "",
                "bookmark_type": "",
                "bookmark_parent": "",
                "bookmark_visibility": "",
                "children": {
                    "item_33": {
                        "object_name": "",
                        "process_type": "",
                        "parent_object": "",
                        "display_name": "",
                        "object_type": "",
                        "object_color": "",
                        "link": "False",
                        "dir_name": "funcionário",
                        "filesystem_type": "folder",
                        "flame_type": "",
                        "parent_dir": "/{projekts_dir}/{projekt_dir}/docs/manuais",
                        "path": "/{projekts_dir}/{projekt_dir}/docs/manuais/funcionário",
                        "bookmark_name": "",
                        "bookmark_type": "",
                        "bookmark_parent": "",
                        "bookmark_visibility": ""
                    },
                    "item_34": {
                        "object_name": "",
                        "process_type": "",
                        "parent_object": "",
                        "display_name": "",
                        "object_type": "",
                        "object_color": "",
                        "link": "False",
                        "dir_name": "política",
                        "filesystem_type": "folder",
                        "flame_type": "",
                        "parent_dir": "/{projekts_dir}/{projekt_dir}/docs/manuais",
                        "path": "/{projekts_dir}/{projekt_dir}/docs/manuais/política",
                        "bookmark_name": "",
                        "bookmark_type": "",
                        "bookmark_parent": "",
                        "bookmark_visibility": ""
                    },
                    "item_35": {
                        "object_name": "",
                        "process_type": "",
                        "parent_object": "",
                        "display_name": "",
                        "object_type": "",
                        "object_color": "",
                        "link": "False",
                        "dir_name": "treinamento",
                        "filesystem_type": "folder",
                        "flame_type": "",
                        "parent_dir": "/{projekts_dir}/{projekt_dir}/docs/manuais",
                        "path": "/{projekts_dir}/{projekt_dir}/docs/manuais/treinamento",
                        "bookmark_name": "",
                        "bookmark_type": "",
                        "bookmark_parent": "",
                        "bookmark_visibility": ""
                    }
                }
            },
            "item_36": {
                "object_name": "",
                "process_type": "",
                "parent_object": "",
                "display_name": "",
                "object_type": "",
                "object_color": "",
                "link": "False",
                "dir_name": "faturas",
                "filesystem_type": "folder",
                "flame_type": "",
                "parent_dir": "/{projekts_dir}/{projekt_dir}/docs",
                "path": "/{projekts_dir}/{projekt_dir}/docs/faturas",
                "bookmark_name": "",
                "bookmark_type": "",
                "bookmark_parent": "",
                "bookmark_visibility": "",
                "children": {
                    "item_37": {
                        "object_name": "",
                        "process_type": "",
                        "parent_object": "",
                        "display_name": "",
                        "object_type": "",
                        "object_color": "",
                        "link": "False",
                        "dir_name": "cliente",
                        "filesystem_type": "folder",
                        "flame_type": "",
                        "parent_dir": "/{projekts_dir}/{projekt_dir}/docs/faturas",
                        "path": "/{projekts_dir}/{projekt_dir}/docs/faturas/cliente",
                        "bookmark_name": "",
                        "bookmark_type": "",
                        "bookmark_parent": "",
                        "bookmark_visibility": ""
                    },
                    "item_38": {
                        "object_name": "",
                        "process_type": "",
                        "parent_object": "",
                        "display_name": "",
                        "object_type": "",
                        "object_color": "",
                        "link": "False",
                        "dir_name": "pagas",
                        "filesystem_type": "folder",
                        "flame_type": "",
                        "parent_dir": "/{projekts_dir}/{projekt_dir}/docs/faturas",
                        "path": "/{projekts_dir}/{projekt_dir}/docs/faturas/pagas",
                        "bookmark_name": "",
                        "bookmark_type": "",
                        "bookmark_parent": "",
                        "bookmark_visibility": ""
                    },
                    "item_39": {
                        "object_name": "",
                        "process_type": "",
                        "parent_object": "",
                        "display_name": "",
                        "object_type": "",
                        "object_color": "",
                        "link": "False",
                        "dir_name": "não_pagadas",
                        "filesystem_type": "folder",
                        "flame_type": "",
                        "parent_dir": "/{projekts_dir}/{projekt_dir}/docs/faturas",
                        "path": "/{projekts_dir}/{projekt_dir}/docs/faturas/não_pagadas",
                        "bookmark_name": "",
                        "bookmark_type": "",
                        "bookmark_parent": "",
                        "bookmark_visibility": ""
                    },
                    "item_40": {
                        "object_name": "",
                        "process_type": "",
                        "parent_object": "",
                        "display_name": "",
                        "object_type": "",
                        "object_color": "",
                        "link": "False",
                        "dir_name": "fornecedor",
                        "filesystem_type": "folder",
                        "flame_type": "",
                        "parent_dir": "/{projekts_dir}/{projekt_dir}/docs/faturas",
                        "path": "/{projekts_dir}/{projekt_dir}/docs/faturas/fornecedor",
                        "bookmark_name": "",
                        "bookmark_type": "",
                        "bookmark_parent": "",
                        "bookmark_visibility": ""
                    }
                }
            },
            "item_41": {
                "object_name": "",
                "process_type": "",
                "parent_object": "",
                "display_name": "",
                "object_type": "",
                "object_color": "",
                "link": "False",
                "dir_name": "descrição_de_trabalho",
                "filesystem_type": "folder",
                "flame_type": "",
                "parent_dir": "/{projekts_dir}/{projekt_dir}/docs",
                "path": "/{projekts_dir}/{projekt_dir}/docs/descrição_de_trabalho",
                "bookmark_name": "",
                "bookmark_type": "",
                "bookmark_parent": "",
                "bookmark_visibility": "",
                "children": {
                    "item_42": {
                        "object_name": "",
                        "process_type": "",
                        "parent_object": "",
                        "display_name": "",
                        "object_type": "",
                        "object_color": "",
                        "link": "False",
                        "dir_name": "funções_administrativas",
                        "filesystem_type": "folder",
                        "flame_type": "",
                        "parent_dir": "/{projekts_dir}/{projekt_dir}/docs/descrição_de_trabalho",
                        "path": "/{projekts_dir}/{projekt_dir}/docs/descrição_de_trabalho/funções_administrativas",
                        "bookmark_name": "",
                        "bookmark_type": "",
                        "bookmark_parent": "",
                        "bookmark_visibility": ""
                    },
                    "item_43": {
                        "object_name": "",
                        "process_type": "",
                        "parent_object": "",
                        "display_name": "",
                        "object_type": "",
                        "object_color": "",
                        "link": "False",
                        "dir_name": "funções_de_gestão",
                        "filesystem_type": "folder",
                        "flame_type": "",
                        "parent_dir": "/{projekts_dir}/{projekt_dir}/docs/descrição_de_trabalho",
                        "path": "/{projekts_dir}/{projekt_dir}/docs/descrição_de_trabalho/funções_de_gestão",
                        "bookmark_name": "",
                        "bookmark_type": "",
                        "bookmark_parent": "",
                        "bookmark_visibility": ""
                    },
                    "item_44": {
                        "object_name": "",
                        "process_type": "",
                        "parent_object": "",
                        "display_name": "",
                        "object_type": "",
                        "object_color": "",
                        "link": "False",
                        "dir_name": "funções_técnicas",
                        "filesystem_type": "folder",
                        "flame_type": "",
                        "parent_dir": "/{projekts_dir}/{projekt_dir}/docs/descrição_de_trabalho",
                        "path": "/{projekts_dir}/{projekt_dir}/docs/descrição_de_trabalho/funções_técnicas",
                        "bookmark_name": "",
                        "bookmark_type": "",
                        "bookmark_parent": "",
                        "bookmark_visibility": ""
                    }
                }
            },
            "item_45": {
                "object_name": "",
                "process_type": "",
                "parent_object": "",
                "display_name": "",
                "object_type": "",
                "object_color": "",
                "link": "False",
                "dir_name": "base_de_conhecimento",
                "filesystem_type": "folder",
                "flame_type": "",
                "parent_dir": "/{projekts_dir}/{projekt_dir}/docs",
                "path": "/{projekts_dir}/{projekt_dir}/docs/base_de_conhecimento",
                "bookmark_name": "",
                "bookmark_type": "",
                "bookmark_parent": "",
                "bookmark_visibility": "",
                "children": {
                    "item_46": {
                        "object_name": "",
                        "process_type": "",
                        "parent_object": "",
                        "display_name": "",
                        "object_type": "",
                        "object_color": "",
                        "link": "False",
                        "dir_name": "perguntas_frequentes",
                        "filesystem_type": "folder",
                        "flame_type": "",
                        "parent_dir": "/{projekts_dir}/{projekt_dir}/docs/base_de_conhecimento",
                        "path": "/{projekts_dir}/{projekt_dir}/docs/base_de_conhecimento/perguntas_frequentes",
                        "bookmark_name": "",
                        "bookmark_type": "",
                        "bookmark_parent": "",
                        "bookmark_visibility": ""
                    },
                    "item_47": {
                        "object_name": "",
                        "process_type": "",
                        "parent_object": "",
                        "display_name": "",
                        "object_type": "",
                        "object_color": "",
                        "link": "False",
                        "dir_name": "guias_de_como_fazer",
                        "filesystem_type": "folder",
                        "flame_type": "",
                        "parent_dir": "/{projekts_dir}/{projekt_dir}/docs/base_de_conhecimento",
                        "path": "/{projekts_dir}/{projekt_dir}/docs/base_de_conhecimento/guias_de_como_fazer",
                        "bookmark_name": "",
                        "bookmark_type": "",
                        "bookmark_parent": "",
                        "bookmark_visibility": ""
                    },
                    "item_48": {
                        "object_name": "",
                        "process_type": "",
                        "parent_object": "",
                        "display_name": "",
                        "object_type": "",
                        "object_color": "",
                        "link": "False",
                        "dir_name": "solução_de_problemas",
                        "filesystem_type": "folder",
                        "flame_type": "",
                        "parent_dir": "/{projekts_dir}/{projekt_dir}/docs/base_de_conhecimento",
                        "path": "/{projekts_dir}/{projekt_dir}/docs/base_de_conhecimento/solução_de_problemas",
                        "bookmark_name": "",
                        "bookmark_type": "",
                        "bookmark_parent": "",
                        "bookmark_visibility": ""
                    }
                }
            },
            "item_49": {
                "object_name": "",
                "process_type": "",
                "parent_object": "",
                "display_name": "",
                "object_type": "",
                "object_color": "",
                "link": "False",
                "dir_name": "licenças",
                "filesystem_type": "folder",
                "flame_type": "",
                "parent_dir": "/{projekts_dir}/{projekt_dir}/docs",
                "path": "/{projekts_dir}/{projekt_dir}/docs/licenças",
                "bookmark_name": "",
                "bookmark_type": "",
                "bookmark_parent": "",
                "bookmark_visibility": "",
                "children": {
                    "item_50": {
                        "object_name": "",
                        "process_type": "",
                        "parent_object": "",
                        "display_name": "",
                        "object_type": "",
                        "object_color": "",
                        "link": "False",
                        "dir_name": "licenças_de_produto",
                        "filesystem_type": "folder",
                        "flame_type": "",
                        "parent_dir": "/{projekts_dir}/{projekt_dir}/docs/licenças",
                        "path": "/{projekts_dir}/{projekt_dir}/docs/licenças/licenças_de_produto",
                        "bookmark_name": "",
                        "bookmark_type": "",
                        "bookmark_parent": "",
                        "bookmark_visibility": ""
                    },
                    "item_51": {
                        "object_name": "",
                        "process_type": "",
                        "parent_object": "",
                        "display_name": "",
                        "object_type": "",
                        "object_color": "",
                        "link": "False",
                        "dir_name": "licenças_de_serviço",
                        "filesystem_type": "folder",
                        "flame_type": "",
                        "parent_dir": "/{projekts_dir}/{projekt_dir}/docs/licenças",
                        "path": "/{projekts_dir}/{projekt_dir}/docs/licenças/licenças_de_serviço",
                        "bookmark_name": "",
                        "bookmark_type": "",
                        "bookmark_parent": "",
                        "bookmark_visibility": ""
                    },
                    "item_52": {
                        "object_name": "",
                        "process_type": "",
                        "parent_object": "",
                        "display_name": "",
                        "object_type": "",
                        "object_color": "",
                        "link": "False",
                        "dir_name": "licenças_de_software",
                        "filesystem_type": "folder",
                        "flame_type": "",
                        "parent_dir": "/{projekts_dir}/{projekt_dir}/docs/licenças",
                        "path": "/{projekts_dir}/{projekt_dir}/docs/licenças/licenças_de_software",
                        "bookmark_name": "",
                        "bookmark_type": "",
                        "bookmark_parent": "",
                        "bookmark_visibility": ""
                    }
                }
            },
            "item_53": {
                "object_name": "",
                "process_type": "",
                "parent_object": "",
                "display_name": "",
                "object_type": "",
                "object_color": "",
                "link": "False",
                "dir_name": "memorandos",
                "filesystem_type": "folder",
                "flame_type": "",
                "parent_dir": "/{projekts_dir}/{projekt_dir}/docs",
                "path": "/{projekts_dir}/{projekt_dir}/docs/memorandos",
                "bookmark_name": "",
                "bookmark_type": "",
                "bookmark_parent": "",
                "bookmark_visibility": "",
                "children": {
                    "item_54": {
                        "object_name": "",
                        "process_type": "",
                        "parent_object": "",
                        "display_name": "",
                        "object_type": "",
                        "object_color": "",
                        "link": "False",
                        "dir_name": "memorandos_externos",
                        "filesystem_type": "folder",
                        "flame_type": "",
                        "parent_dir": "/{projekts_dir}/{projekt_dir}/docs/memorandos",
                        "path": "/{projekts_dir}/{projekt_dir}/docs/memorandos/memorandos_externos",
                        "bookmark_name": "",
                        "bookmark_type": "",
                        "bookmark_parent": "",
                        "bookmark_visibility": ""
                    },
                    "item_55": {
                        "object_name": "",
                        "process_type": "",
                        "parent_object": "",
                        "display_name": "",
                        "object_type": "",
                        "object_color": "",
                        "link": "False",
                        "dir_name": "memorandos_internos",
                        "filesystem_type": "folder",
                        "flame_type": "",
                        "parent_dir": "/{projekts_dir}/{projekt_dir}/docs/memorandos",
                        "path": "/{projekts_dir}/{projekt_dir}/docs/memorandos/memorandos_internos",
                        "bookmark_name": "",
                        "bookmark_type": "",
                        "bookmark_parent": "",
                        "bookmark_visibility": ""
                    },
                    "item_56": {
                        "object_name": "",
                        "process_type": "",
                        "parent_object": "",
                        "display_name": "",
                        "object_type": "",
                        "object_color": "",
                        "link": "False",
                        "dir_name": "memorandos_de_reunião",
                        "filesystem_type": "folder",
                        "flame_type": "",
                        "parent_dir": "/{projekts_dir}/{projekt_dir}/docs/memorandos",
                        "path": "/{projekts_dir}/{projekt_dir}/docs/memorandos/memorandos_de_reunião",
                        "bookmark_name": "",
                        "bookmark_type": "",
                        "bookmark_parent": "",
                        "bookmark_visibility": ""
                    }
                }
            },
            "item_57": {
                "object_name": "",
                "process_type": "",
                "parent_object": "",
                "display_name": "",
                "object_type": "",
                "object_color": "",
                "link": "False",
                "dir_name": "não_divulgação",
                "filesystem_type": "folder",
                "flame_type": "",
                "parent_dir": "/{projekts_dir}/{projekt_dir}/docs",
                "path": "/{projekts_dir}/{projekt_dir}/docs/não_divulgação",
                "bookmark_name": "",
                "bookmark_type": "",
                "bookmark_parent": "",
                "bookmark_visibility": "",
                "children": {
                    "item_58": {
                        "object_name": "",
                        "process_type": "",
                        "parent_object": "",
                        "display_name": "",
                        "object_type": "",
                        "object_color": "",
                        "link": "False",
                        "dir_name": "ndas_de_cliente",
                        "filesystem_type": "folder",
                        "flame_type": "",
                        "parent_dir": "/{projekts_dir}/{projekt_dir}/docs/não_divulgação",
                        "path": "/{projekts_dir}/{projekt_dir}/docs/não_divulgação/ndas_de_cliente",
                        "bookmark_name": "",
                        "bookmark_type": "",
                        "bookmark_parent": "",
                        "bookmark_visibility": ""
                    },
                    "item_59": {
                        "object_name": "",
                        "process_type": "",
                        "parent_object": "",
                        "display_name": "",
                        "object_type": "",
                        "object_color": "",
                        "link": "False",
                        "dir_name": "ndas_de_funcionário",
                        "filesystem_type": "folder",
                        "flame_type": "",
                        "parent_dir": "/{projekts_dir}/{projekt_dir}/docs/não_divulgação",
                        "path": "/{projekts_dir}/{projekt_dir}/docs/não_divulgação/ndas_de_funcionário",
                        "bookmark_name": "",
                        "bookmark_type": "",
                        "bookmark_parent": "",
                        "bookmark_visibility": ""
                    },
                    "item_60": {
                        "object_name": "",
                        "process_type": "",
                        "parent_object": "",
                        "display_name": "",
                        "object_type": "",
                        "object_color": "",
                        "link": "False",
                        "dir_name": "ndas_de_fornecedor",
                        "filesystem_type": "folder",
                        "flame_type": "",
                        "parent_dir": "/{projekts_dir}/{projekt_dir}/docs/não_divulgação",
                        "path": "/{projekts_dir}/{projekt_dir}/docs/não_divulgação/ndas_de_fornecedor",
                        "bookmark_name": "",
                        "bookmark_type": "",
                        "bookmark_parent": "",
                        "bookmark_visibility": ""
                    }
                }
            },
            "item_61": {
                "object_name": "",
                "process_type": "",
                "parent_object": "",
                "display_name": "",
                "object_type": "",
                "object_color": "",
                "link": "False",
                "dir_name": "organogramas",
                "filesystem_type": "folder",
                "flame_type": "",
                "parent_dir": "/{projekts_dir}/{projekt_dir}/docs",
                "path": "/{projekts_dir}/{projekt_dir}/docs/organogramas",
                "bookmark_name": "",
                "bookmark_type": "",
                "bookmark_parent": "",
                "bookmark_visibility": "",
                "children": {
                    "item_62": {
                        "object_name": "",
                        "process_type": "",
                        "parent_object": "",
                        "display_name": "",
                        "object_type": "",
                        "object_color": "",
                        "link": "False",
                        "dir_name": "organogramas_da_empresa",
                        "filesystem_type": "folder",
                        "flame_type": "",
                        "parent_dir": "/{projekts_dir}/{projekt_dir}/docs/organogramas",
                        "path": "/{projekts_dir}/{projekt_dir}/docs/organogramas/organogramas_da_empresa",
                        "bookmark_name": "",
                        "bookmark_type": "",
                        "bookmark_parent": "",
                        "bookmark_visibility": ""
                    },
                    "item_63": {
                        "object_name": "",
                        "process_type": "",
                        "parent_object": "",
                        "display_name": "",
                        "object_type": "",
                        "object_color": "",
                        "link": "False",
                        "dir_name": "organogramas_do_departamento",
                        "filesystem_type": "folder",
                        "flame_type": "",
                        "parent_dir": "/{projekts_dir}/{projekt_dir}/docs/organogramas",
                        "path": "/{projekts_dir}/{projekt_dir}/docs/organogramas/organogramas_do_departamento",
                        "bookmark_name": "",
                        "bookmark_type": "",
                        "bookmark_parent": "",
                        "bookmark_visibility": ""
                    },
                    "item_64": {
                        "object_name": "",
                        "process_type": "",
                        "parent_object": "",
                        "display_name": "",
                        "object_type": "",
                        "object_color": "",
                        "link": "False",
                        "dir_name": "organogramas_da_equipe",
                        "filesystem_type": "folder",
                        "flame_type": "",
                        "parent_dir": "/{projekts_dir}/{projekt_dir}/docs/organogramas",
                        "path": "/{projekts_dir}/{projekt_dir}/docs/organogramas/organogramas_da_equipe",
                        "bookmark_name": "",
                        "bookmark_type": "",
                        "bookmark_parent": "",
                        "bookmark_visibility": ""
                    }
                }
            },
            "item_65": {
                "object_name": "",
                "process_type": "",
                "parent_object": "",
                "display_name": "",
                "object_type": "",
                "object_color": "",
                "link": "False",
                "dir_name": "políticas",
                "filesystem_type": "folder",
                "flame_type": "",
                "parent_dir": "/{projekts_dir}/{projekt_dir}/docs",
                "path": "/{projekts_dir}/{projekt_dir}/docs/políticas",
                "bookmark_name": "",
                "bookmark_type": "",
                "bookmark_parent": "",
                "bookmark_visibility": "",
                "children": {
                    "item_66": {
                        "object_name": "",
                        "process_type": "",
                        "parent_object": "",
                        "display_name": "",
                        "object_type": "",
                        "object_color": "",
                        "link": "False",
                        "dir_name": "políticas_de_rh",
                        "filesystem_type": "folder",
                        "flame_type": "",
                        "parent_dir": "/{projekts_dir}/{projekt_dir}/docs/políticas",
                        "path": "/{projekts_dir}/{projekt_dir}/docs/políticas/políticas_de_rh",
                        "bookmark_name": "",
                        "bookmark_type": "",
                        "bookmark_parent": "",
                        "bookmark_visibility": ""
                    },
                    "item_67": {
                        "object_name": "",
                        "process_type": "",
                        "parent_object": "",
                        "display_name": "",
                        "object_type": "",
                        "object_color": "",
                        "link": "False",
                        "dir_name": "políticas_de_ti",
                        "filesystem_type": "folder",
                        "flame_type": "",
                        "parent_dir": "/{projekts_dir}/{projekt_dir}/docs/políticas",
                        "path": "/{projekts_dir}/{projekt_dir}/docs/políticas/políticas_de_ti",
                        "bookmark_name": "",
                        "bookmark_type": "",
                        "bookmark_parent": "",
                        "bookmark_visibility": ""
                    },
                    "item_68": {
                        "object_name": "",
                        "process_type": "",
                        "parent_object": "",
                        "display_name": "",
                        "object_type": "",
                        "object_color": "",
                        "link": "False",
                        "dir_name": "políticas_operacionais",
                        "filesystem_type": "folder",
                        "flame_type": "",
                        "parent_dir": "/{projekts_dir}/{projekt_dir}/docs/políticas",
                        "path": "/{projekts_dir}/{projekt_dir}/docs/políticas/políticas_operacionais",
                        "bookmark_name": "",
                        "bookmark_type": "",
                        "bookmark_parent": "",
                        "bookmark_visibility": ""
                    }
                }
            },
            "item_69": {
                "object_name": "",
                "process_type": "",
                "parent_object": "",
                "display_name": "",
                "object_type": "",
                "object_color": "",
                "link": "False",
                "dir_name": "cotações",
                "filesystem_type": "folder",
                "flame_type": "",
                "parent_dir": "/{projekts_dir}/{projekt_dir}/docs",
                "path": "/{projekts_dir}/{projekt_dir}/docs/cotações",
                "bookmark_name": "",
                "bookmark_type": "",
                "bookmark_parent": "",
                "bookmark_visibility": "",
                "children": {
                    "item_70": {
                        "object_name": "",
                        "process_type": "",
                        "parent_object": "",
                        "display_name": "",
                        "object_type": "",
                        "object_color": "",
                        "link": "False",
                        "dir_name": "cotações_de_clientes",
                        "filesystem_type": "folder",
                        "flame_type": "",
                        "parent_dir": "/{projekts_dir}/{projekt_dir}/docs/cotações",
                        "path": "/{projekts_dir}/{projekt_dir}/docs/cotações/cotações_de_clientes",
                        "bookmark_name": "",
                        "bookmark_type": "",
                        "bookmark_parent": "",
                        "bookmark_visibility": ""
                    },
                    "item_71": {
                        "object_name": "",
                        "process_type": "",
                        "parent_object": "",
                        "display_name": "",
                        "object_type": "",
                        "object_color": "",
                        "link": "False",
                        "dir_name": "cotações_de_serviço",
                        "filesystem_type": "folder",
                        "flame_type": "",
                        "parent_dir": "/{projekts_dir}/{projekt_dir}/docs/cotações",
                        "path": "/{projekts_dir}/{projekt_dir}/docs/cotações/cotações_de_serviço",
                        "bookmark_name": "",
                        "bookmark_type": "",
                        "bookmark_parent": "",
                        "bookmark_visibility": ""
                    },
                    "item_72": {
                        "object_name": "",
                        "process_type": "",
                        "parent_object": "",
                        "display_name": "",
                        "object_type": "",
                        "object_color": "",
                        "link": "False",
                        "dir_name": "cotações_de_fornecedores",
                        "filesystem_type": "folder",
                        "flame_type": "",
                        "parent_dir": "/{projekts_dir}/{projekt_dir}/docs/cotações",
                        "path": "/{projekts_dir}/{projekt_dir}/docs/cotações/cotações_de_fornecedores",
                        "bookmark_name": "",
                        "bookmark_type": "",
                        "bookmark_parent": "",
                        "bookmark_visibility": ""
                    }
                }
            },
            "item_73": {
                "object_name": "",
                "process_type": "",
                "parent_object": "",
                "display_name": "",
                "object_type": "",
                "object_color": "",
                "link": "False",
                "dir_name": "relatórios",
                "filesystem_type": "folder",
                "flame_type": "",
                "parent_dir": "/{projekts_dir}/{projekt_dir}/docs",
                "path": "/{projekts_dir}/{projekt_dir}/docs/relatórios",
                "bookmark_name": "",
                "bookmark_type": "",
                "bookmark_parent": "",
                "bookmark_visibility": "",
                "children": {
                    "item_74": {
                        "object_name": "",
                        "process_type": "",
                        "parent_object": "",
                        "display_name": "",
                        "object_type": "",
                        "object_color": "",
                        "link": "False",
                        "dir_name": "relatórios_anuais",
                        "filesystem_type": "folder",
                        "flame_type": "",
                        "parent_dir": "/{projekts_dir}/{projekt_dir}/docs/relatórios",
                        "path": "/{projekts_dir}/{projekt_dir}/docs/relatórios/relatórios_anuais",
                        "bookmark_name": "",
                        "bookmark_type": "",
                        "bookmark_parent": "",
                        "bookmark_visibility": ""
                    },
                    "item_75": {
                        "object_name": "",
                        "process_type": "",
                        "parent_object": "",
                        "display_name": "",
                        "object_type": "",
                        "object_color": "",
                        "link": "False",
                        "dir_name": "relatórios_de_projetos",
                        "filesystem_type": "folder",
                        "flame_type": "",
                        "parent_dir": "/{projekts_dir}/{projekt_dir}/docs/relatórios",
                        "path": "/{projekts_dir}/{projekt_dir}/docs/relatórios/relatórios_de_projetos",
                        "bookmark_name": "",
                        "bookmark_type": "",
                        "bookmark_parent": "",
                        "bookmark_visibility": ""
                    },
                    "item_76": {
                        "object_name": "",
                        "process_type": "",
                        "parent_object": "",
                        "display_name": "",
                        "object_type": "",
                        "object_color": "",
                        "link": "False",
                        "dir_name": "relatórios_trimestrais",
                        "filesystem_type": "folder",
                        "flame_type": "",
                        "parent_dir": "/{projekts_dir}/{projekt_dir}/docs/relatórios",
                        "path": "/{projekts_dir}/{projekt_dir}/docs/relatórios/relatórios_trimestrais",
                        "bookmark_name": "",
                        "bookmark_type": "",
                        "bookmark_parent": "",
                        "bookmark_visibility": ""
                    }
                }
            },
            "item_77": {
                "object_name": "",
                "process_type": "",
                "parent_object": "",
                "display_name": "",
                "object_type": "",
                "object_color": "",
                "link": "False",
                "dir_name": "agendas",
                "filesystem_type": "folder",
                "flame_type": "",
                "parent_dir": "/{projekts_dir}/{projekt_dir}/docs",
                "path": "/{projekts_dir}/{projekt_dir}/docs/agendas",
                "bookmark_name": "",
                "bookmark_type": "",
                "bookmark_parent": "",
                "bookmark_visibility": "",
                "children": {
                    "item_78": {
                        "object_name": "",
                        "process_type": "",
                        "parent_object": "",
                        "display_name": "",
                        "object_type": "",
                        "object_color": "",
                        "link": "False",
                        "dir_name": "agendas_de_reunião",
                        "filesystem_type": "folder",
                        "flame_type": "",
                        "parent_dir": "/{projekts_dir}/{projekt_dir}/docs/agendas",
                        "path": "/{projekts_dir}/{projekt_dir}/docs/agendas/agendas_de_reunião",
                        "bookmark_name": "",
                        "bookmark_type": "",
                        "bookmark_parent": "",
                        "bookmark_visibility": ""
                    },
                    "item_79": {
                        "object_name": "",
                        "process_type": "",
                        "parent_object": "",
                        "display_name": "",
                        "object_type": "",
                        "object_color": "",
                        "link": "False",
                        "dir_name": "agendas_de_projetos",
                        "filesystem_type": "folder",
                        "flame_type": "",
                        "parent_dir": "/{projekts_dir}/{projekt_dir}/docs/agendas",
                        "path": "/{projekts_dir}/{projekt_dir}/docs/agendas/agendas_de_projetos",
                        "bookmark_name": "",
                        "bookmark_type": "",
                        "bookmark_parent": "",
                        "bookmark_visibility": ""
                    },
                    "item_80": {
                        "object_name": "",
                        "process_type": "",
                        "parent_object": "",
                        "display_name": "",
                        "object_type": "",
                        "object_color": "",
                        "link": "False",
                        "dir_name": "agendas_de_treinamento",
                        "filesystem_type": "folder",
                        "flame_type": "",
                        "parent_dir": "/{projekts_dir}/{projekt_dir}/docs/agendas",
                        "path": "/{projekts_dir}/{projekt_dir}/docs/agendas/agendas_de_treinamento",
                        "bookmark_name": "",
                        "bookmark_type": "",
                        "bookmark_parent": "",
                        "bookmark_visibility": ""
                    }
                }
            },
            "item_81": {
                "object_name": "",
                "process_type": "",
                "parent_object": "",
                "display_name": "",
                "object_type": "",
                "object_color": "",
                "link": "False",
                "dir_name": "técnico",
                "filesystem_type": "folder",
                "flame_type": "",
                "parent_dir": "/{projekts_dir}/{projekt_dir}/docs",
                "path": "/{projekts_dir}/{projekt_dir}/docs/técnico",
                "bookmark_name": "",
                "bookmark_type": "",
                "bookmark_parent": "",
                "bookmark_visibility": "",
                "children": {
                    "item_82": {
                        "object_name": "",
                        "process_type": "",
                        "parent_object": "",
                        "display_name": "",
                        "object_type": "",
                        "object_color": "",
                        "link": "False",
                        "dir_name": "manuais_técnicos",
                        "filesystem_type": "folder",
                        "flame_type": "",
                        "parent_dir": "/{projekts_dir}/{projekt_dir}/docs/técnico",
                        "path": "/{projekts_dir}/{projekt_dir}/docs/técnico/manuais_técnicos",
                        "bookmark_name": "",
                        "bookmark_type": "",
                        "bookmark_parent": "",
                        "bookmark_visibility": ""
                    },
                    "item_83": {
                        "object_name": "",
                        "process_type": "",
                        "parent_object": "",
                        "display_name": "",
                        "object_type": "",
                        "object_color": "",
                        "link": "False",
                        "dir_name": "relatórios_técnicos",
                        "filesystem_type": "folder",
                        "flame_type": "",
                        "parent_dir": "/{projekts_dir}/{projekt_dir}/docs/técnico",
                        "path": "/{projekts_dir}/{projekt_dir}/docs/técnico/relatórios_técnicos",
                        "bookmark_name": "",
                        "bookmark_type": "",
                        "bookmark_parent": "",
                        "bookmark_visibility": ""
                    },
                    "item_84": {
                        "object_name": "",
                        "process_type": "",
                        "parent_object": "",
                        "display_name": "",
                        "object_type": "",
                        "object_color": "",
                        "link": "False",
                        "dir_name": "especificações_técnicas",
                        "filesystem_type": "folder",
                        "flame_type": "",
                        "parent_dir": "/{projekts_dir}/{projekt_dir}/docs/técnico",
                        "path": "/{projekts_dir}/{projekt_dir}/docs/técnico/especificações_técnicas",
                        "bookmark_name": "",
                        "bookmark_type": "",
                        "bookmark_parent": "",
                        "bookmark_visibility": ""
                    }
                }
            },
            "item_85": {
                "object_name": "",
                "process_type": "",
                "parent_object": "",
                "display_name": "",
                "object_type": "",
                "object_color": "",
                "link": "False",
                "dir_name": "guias_do_usuário",
                "filesystem_type": "folder",
                "flame_type": "",
                "parent_dir": "/{projekts_dir}/{projekt_dir}/docs",
                "path": "/{projekts_dir}/{projekt_dir}/docs/guias_do_usuário",
                "bookmark_name": "",
                "bookmark_type": "",
                "bookmark_parent": "",
                "bookmark_visibility": "",
                "children": {
                    "item_86": {
                        "object_name": "",
                        "process_type": "",
                        "parent_object": "",
                        "display_name": "",
                        "object_type": "",
                        "object_color": "",
                        "link": "False",
                        "dir_name": "guias_do_usuário_do_produto",
                        "filesystem_type": "folder",
                        "flame_type": "",
                        "parent_dir": "/{projekts_dir}/{projekt_dir}/docs/guias_do_usuário",
                        "path": "/{projekts_dir}/{projekt_dir}/docs/guias_do_usuário/guias_do_usuário_do_produto",
                        "bookmark_name": "",
                        "bookmark_type": "",
                        "bookmark_parent": "",
                        "bookmark_visibility": ""
                    },
                    "item_87": {
                        "object_name": "",
                        "process_type": "",
                        "parent_object": "",
                        "display_name": "",
                        "object_type": "",
                        "object_color": "",
                        "link": "False",
                        "dir_name": "guias_do_usuário_do_serviço",
                        "filesystem_type": "folder",
                        "flame_type": "",
                        "parent_dir": "/{projekts_dir}/{projekt_dir}/docs/guias_do_usuário",
                        "path": "/{projekts_dir}/{projekt_dir}/docs/guias_do_usuário/guias_do_usuário_do_serviço",
                        "bookmark_name": "",
                        "bookmark_type": "",
                        "bookmark_parent": "",
                        "bookmark_visibility": ""
                    },
                    "item_88": {
                        "object_name": "",
                        "process_type": "",
                        "parent_object": "",
                        "display_name": "",
                        "object_type": "",
                        "object_color": "",
                        "link": "False",
                        "dir_name": "guias_do_usuário_do_software",
                        "filesystem_type": "folder",
                        "flame_type": "",
                        "parent_dir": "/{projekts_dir}/{projekt_dir}/docs/guias_do_usuário",
                        "path": "/{projekts_dir}/{projekt_dir}/docs/guias_do_usuário/guias_do_usuário_do_software",
                        "bookmark_name": "",
                        "bookmark_type": "",
                        "bookmark_parent": "",
                        "bookmark_visibility": ""
                    }
                }
            },
            "item_89": {
                "object_name": "",
                "process_type": "",
                "parent_object": "",
                "display_name": "",
                "object_type": "",
                "object_color": "",
                "link": "False",
                "dir_name": "lista_de_fornecedores",
                "filesystem_type": "folder",
                "flame_type": "",
                "parent_dir": "/{projekts_dir}/{projekt_dir}/docs",
                "path": "/{projekts_dir}/{projekt_dir}/docs/lista_de_fornecedores",
                "bookmark_name": "",
                "bookmark_type": "",
                "bookmark_parent": "",
                "bookmark_visibility": "",
                "children": {
                    "item_90": {
                        "object_name": "",
                        "process_type": "",
                        "parent_object": "",
                        "display_name": "",
                        "object_type": "",
                        "object_color": "",
                        "link": "False",
                        "dir_name": "fornecedores_aprovados",
                        "filesystem_type": "folder",
                        "flame_type": "",
                        "parent_dir": "/{projekts_dir}/{projekt_dir}/docs/lista_de_fornecedores",
                        "path": "/{projekts_dir}/{projekt_dir}/docs/lista_de_fornecedores/fornecedores_aprovados",
                        "bookmark_name": "",
                        "bookmark_type": "",
                        "bookmark_parent": "",
                        "bookmark_visibility": ""
                    },
                    "item_91": {
                        "object_name": "",
                        "process_type": "",
                        "parent_object": "",
                        "display_name": "",
                        "object_type": "",
                        "object_color": "",
                        "link": "False",
                        "dir_name": "fornecedores_na_lista_negra",
                        "filesystem_type": "folder",
                        "flame_type": "",
                        "parent_dir": "/{projekts_dir}/{projekt_dir}/docs/lista_de_fornecedores",
                        "path": "/{projekts_dir}/{projekt_dir}/docs/lista_de_fornecedores/fornecedores_na_lista_negra",
                        "bookmark_name": "",
                        "bookmark_type": "",
                        "bookmark_parent": "",
                        "bookmark_visibility": ""
                    },
                    "item_92": {
                        "object_name": "",
                        "process_type": "",
                        "parent_object": "",
                        "display_name": "",
                        "object_type": "",
                        "object_color": "",
                        "link": "False",
                        "dir_name": "fornecedores_preferidos",
                        "filesystem_type": "folder",
                        "flame_type": "",
                        "parent_dir": "/{projekts_dir}/{projekt_dir}/docs/lista_de_fornecedores",
                        "path": "/{projekts_dir}/{projekt_dir}/docs/lista_de_fornecedores/fornecedores_preferidos",
                        "bookmark_name": "",
                        "bookmark_type": "",
                        "bookmark_parent": "",
                        "bookmark_visibility": ""
                    }
                }
            },
            "item_93": {
                "object_name": "",
                "process_type": "",
                "parent_object": "",
                "display_name": "",
                "object_type": "",
                "object_color": "",
                "link": "False",
                "dir_name": "fluxos_de_trabalho",
                "filesystem_type": "folder",
                "flame_type": "",
                "parent_dir": "/{projekts_dir}/{projekt_dir}/docs",
                "path": "/{projekts_dir}/{projekt_dir}/docs/fluxos_de_trabalho",
                "bookmark_name": "",
                "bookmark_type": "",
                "bookmark_parent": "",
                "bookmark_visibility": "",
                "children": {
                    "item_94": {
                        "object_name": "",
                        "process_type": "",
                        "parent_object": "",
                        "display_name": "",
                        "object_type": "",
                        "object_color": "",
                        "link": "False",
                        "dir_name": "fluxos_de_trabalho_de_aprovação",
                        "filesystem_type": "folder",
                        "flame_type": "",
                        "parent_dir": "/{projekts_dir}/{projekt_dir}/docs/fluxos_de_trabalho",
                        "path": "/{projekts_dir}/{projekt_dir}/docs/fluxos_de_trabalho/fluxos_de_trabalho_de_aprovação",
                        "bookmark_name": "",
                        "bookmark_type": "",
                        "bookmark_parent": "",
                        "bookmark_visibility": ""
                    },
                    "item_95": {
                        "object_name": "",
                        "process_type": "",
                        "parent_object": "",
                        "display_name": "",
                        "object_type": "",
                        "object_color": "",
                        "link": "False",
                        "dir_name": "fluxos_de_trabalho_operacionais",
                        "filesystem_type": "folder",
                        "flame_type": "",
                        "parent_dir": "/{projekts_dir}/{projekt_dir}/docs/fluxos_de_trabalho",
                        "path": "/{projekts_dir}/{projekt_dir}/docs/fluxos_de_trabalho/fluxos_de_trabalho_operacionais",
                        "bookmark_name": "",
                        "bookmark_type": "",
                        "bookmark_parent": "",
                        "bookmark_visibility": ""
                    },
                    "item_96": {
                        "object_name": "",
                        "process_type": "",
                        "parent_object": "",
                        "display_name": "",
                        "object_type": "",
                        "object_color": "",
                        "link": "False",
                        "dir_name": "fluxos_de_trabalho_de_processos",
                        "filesystem_type": "folder",
                        "flame_type": "",
                        "parent_dir": "/{projekts_dir}/{projekt_dir}/docs/fluxos_de_trabalho",
                        "path": "/{projekts_dir}/{projekt_dir}/docs/fluxos_de_trabalho/fluxos_de_trabalho_de_processos",
                        "bookmark_name": "",
                        "bookmark_type": "",
                        "bookmark_parent": "",
                        "bookmark_visibility": ""
                    }
                }
            },
            "item_97": {
                "object_name": "",
                "process_type": "",
                "parent_object": "",
                "display_name": "",
                "object_type": "",
                "object_color": "",
                "link": "False",
                "dir_name": "xml",
                "filesystem_type": "folder",
                "flame_type": "",
                "parent_dir": "/{projekts_dir}/{projekt_dir}/docs",
                "path": "/{projekts_dir}/{projekt_dir}/docs/xml",
                "bookmark_name": "",
                "bookmark_type": "",
                "bookmark_parent": "",
                "bookmark_visibility": "",
                "children": {
                    "item_98": {
                        "object_name": "",
                        "process_type": "",
                        "parent_object": "",
                        "display_name": "",
                        "object_type": "",
                        "object_color": "",
                        "link": "False",
                        "dir_name": "modelos_xml",
                        "filesystem_type": "folder",
                        "flame_type": "",
                        "parent_dir": "/{projekts_dir}/{projekt_dir}/docs/xml",
                        "path": "/{projekts_dir}/{projekt_dir}/docs/xml/modelos_xml",
                        "bookmark_name": "",
                        "bookmark_type": "",
                        "bookmark_parent": "",
                        "bookmark_visibility": ""
                    },
                    "item_99": {
                        "object_name": "",
                        "process_type": "",
                        "parent_object": "",
                        "display_name": "",
                        "object_type": "",
                        "object_color": "",
                        "link": "False",
                        "dir_name": "modelos_xslt",
                        "filesystem_type": "folder",
                        "flame_type": "",
                        "parent_dir": "/{projekts_dir}/{projekt_dir}/docs/xml",
                        "path": "/{projekts_dir}/{projekt_dir}/docs/xml/modelos_xslt",
                        "bookmark_name": "",
                        "bookmark_type": "",
                        "bookmark_parent": "",
                        "bookmark_visibility": ""
                    }
                }
            }
        }
    }
}
