{
    "item_00": {
        "object_name": "",
        "process_type": "",
        "parent_object": "",
        "display_name": "",
        "object_type": "",
        "object_color": "",
        "link": "False",
        "dir_name": "flame",
        "filesystem_type": "folder",
        "flame_type": "",
        "parent_dir": "/{projekts_dir}/{projekt_dir}",
        "path": "/{projekts_dir}/{projekt_dir}/flame",
        "bookmark_name": "flame",
        "bookmark_type": "folder",
        "bookmark_parent": "projekt directories",
        "bookmark_visibility": "Global",
        "children": {
            "item_01": {
                "object_name": "",
                "process_type": "",
                "parent_object": "",
                "display_name": "",
                "object_type": "",
                "object_color": "",
                "link": "False",
                "dir_name": "archives",
                "filesystem_type": "folder",
                "flame_type": "",
                "parent_dir": "/{projekts_dir}/{projekt_dir}/flame",
                "path": "/{projekts_dir}/{projekt_dir}/flame/archives",
                "bookmark_name": "archives",
                "bookmark_type": "bookmark",
                "bookmark_parent": "flame",
                "bookmark_visibility": "Global"
            },
            "item_02": {
                "object_name": "",
                "process_type": "",
                "parent_object": "",
                "display_name": "",
                "object_type": "",
                "object_color": "",
                "link": "False",
                "dir_name": "iterations",
                "filesystem_type": "folder",
                "flame_type": "",
                "parent_dir": "/{projekts_dir}/{projekt_dir}/flame",
                "path": "/{projekts_dir}/{projekt_dir}/flame/iterations",
                "bookmark_name": "iterations",
                "bookmark_type": "bookmark",
                "bookmark_parent": "flame",
                "bookmark_visibility": "Global"
            },
            "item_03": {
                "object_name": "",
                "process_type": "",
                "parent_object": "",
                "display_name": "",
                "object_type": "",
                "object_color": "",
                "link": "False",
                "dir_name": "setups",
                "filesystem_type": "folder",
                "flame_type": "",
                "parent_dir": "/{projekts_dir}/{projekt_dir}/flame",
                "path": "/{projekts_dir}/{projekt_dir}/flame/setups",
                "bookmark_name": "setups",
                "bookmark_type": "bookmark",
                "bookmark_parent": "flame",
                "bookmark_visibility": "Global"
            }
        }
    }
}
