{
    "item_00": {
        "object_name": "mestres_library",
        "process_type": "create_or_validate_library",
        "parent_object": "the_current_workspace",
        "display_name": "'mestres'",
        "object_type": "library",
        "object_color": "object_colors.get(\"Dark Blue\")",
        "link": "True",
        "dir_name": "mestres",
        "filesystem_type": "folder",
        "flame_type": "library",
        "parent_dir": "/{projekts_dir}/{projekt_dir}",
        "path": "/{projekts_dir}/{projekt_dir}/mestres",
        "bookmark_name": "mestres",
        "bookmark_type": "folder",
        "bookmark_parent": "projekt directories",
        "bookmark_visibility": "Global",
        "children": {
            "item_01": {
                "object_name": "edições_mestre_folder",
                "process_type": "create_or_validate_object",
                "parent_object": "mestres_library",
                "display_name": "'edições_mestre'",
                "object_type": "folder",
                "object_color": "",
                "link": "True",
                "dir_name": "edições_mestre",
                "filesystem_type": "folder",
                "flame_type": "folder",
                "parent_dir": "/{projekts_dir}/{projekt_dir}/mestres",
                "path": "/{projekts_dir}/{projekt_dir}/mestres/edições_mestre",
                "bookmark_name": "edições_mestre",
                "bookmark_type": "bookmark",
                "bookmark_parent": "mestres",
                "bookmark_visibility": "Global"
            },
            "item_02": {
                "object_name": "mestres_agendados_folder",
                "process_type": "create_or_validate_object",
                "parent_object": "mestres_library",
                "display_name": "'mestres_agendados'",
                "object_type": "folder",
                "object_color": "",
                "link": "True",
                "dir_name": "mestres_agendados",
                "filesystem_type": "folder",
                "flame_type": "folder",
                "parent_dir": "/{projekts_dir}/{projekt_dir}/mestres",
                "path": "/{projekts_dir}/{projekt_dir}/mestres/mestres_agendados",
                "bookmark_name": "mestres_agendados",
                "bookmark_type": "bookmark",
                "bookmark_parent": "mestres",
                "bookmark_visibility": "Global"
            },
            "item_03": {
                "object_name": "mestres_versionados_folder",
                "process_type": "create_or_validate_object",
                "parent_object": "mestres_library",
                "display_name": "'mestres_versionados'",
                "object_type": "folder",
                "object_color": "",
                "link": "True",
                "dir_name": "mestres_versionados",
                "filesystem_type": "folder",
                "flame_type": "folder",
                "parent_dir": "/{projekts_dir}/{projekt_dir}/mestres",
                "path": "/{projekts_dir}/{projekt_dir}/mestres/mestres_versionados",
                "bookmark_name": "mestres_versionados",
                "bookmark_type": "bookmark",
                "bookmark_parent": "mestres",
                "bookmark_visibility": "Global"
            }
        }
    }
}
