{
    "item_00": {
        "object_name": "referência_library",
        "process_type": "create_or_validate_library",
        "parent_object": "the_current_workspace",
        "display_name": "'referência'",
        "object_type": "library",
        "object_color": "object_colors.get(\"Dark Orange\")",
        "link": "True",
        "dir_name": "referência",
        "filesystem_type": "folder",
        "flame_type": "library",
        "parent_dir": "/{projekts_dir}/{projekt_dir}",
        "path": "/{projekts_dir}/{projekt_dir}/referência",
        "bookmark_name": "referência",
        "bookmark_type": "folder",
        "bookmark_parent": "projekt directories",
        "bookmark_visibility": "Global",
        "children": {
            "item_01": {
                "object_name": "imagens_de_referência_folder",
                "process_type": "create_or_validate_object",
                "parent_object": "referência_library",
                "display_name": "'imagens_de_referência'",
                "object_type": "folder",
                "object_color": "",
                "link": "True",
                "dir_name": "imagens_de_referência",
                "filesystem_type": "folder",
                "flame_type": "folder",
                "parent_dir": "/{projekts_dir}/{projekt_dir}/referência",
                "path": "/{projekts_dir}/{projekt_dir}/referência/imagens_de_referência",
                "bookmark_name": "imagens_de_referência",
                "bookmark_type": "bookmark",
                "bookmark_parent": "referência",
                "bookmark_visibility": "Global"
            },
            "item_02": {
                "object_name": "filmes_de_referência_folder",
                "process_type": "create_or_validate_object",
                "parent_object": "referência_library",
                "display_name": "'filmes_de_referência'",
                "object_type": "folder",
                "object_color": "",
                "link": "True",
                "dir_name": "filmes_de_referência",
                "filesystem_type": "folder",
                "flame_type": "folder",
                "parent_dir": "/{projekts_dir}/{projekt_dir}/referência",
                "path": "/{projekts_dir}/{projekt_dir}/referência/filmes_de_referência",
                "bookmark_name": "filmes_de_referência",
                "bookmark_type": "bookmark",
                "bookmark_parent": "referência",
                "bookmark_visibility": "Global"
            },
            "item_03": {
                "object_name": "guia_de_estilo_de_referência_folder",
                "process_type": "create_or_validate_object",
                "parent_object": "referência_library",
                "display_name": "'guia_de_estilo_de_referência'",
                "object_type": "folder",
                "object_color": "",
                "link": "True",
                "dir_name": "guia_de_estilo_de_referência",
                "filesystem_type": "folder",
                "flame_type": "folder",
                "parent_dir": "/{projekts_dir}/{projekt_dir}/referência",
                "path": "/{projekts_dir}/{projekt_dir}/referência/guia_de_estilo_de_referência",
                "bookmark_name": "guia_de_estilo_de_referência",
                "bookmark_type": "bookmark",
                "bookmark_parent": "referência",
                "bookmark_visibility": "Global"
            }
        }
    }
}
