{
    "item_00": {
        "object_name": "",
        "process_type": "",
        "parent_object": "",
        "display_name": "",
        "object_type": "",
        "object_color": "",
        "link": "False",
        "dir_name": "software",
        "filesystem_type": "folder",
        "flame_type": "",
        "parent_dir": "/{projekts_dir}/{projekt_dir}",
        "path": "/{projekts_dir}/{projekt_dir}/software",
        "bookmark_name": "",
        "bookmark_type": "",
        "bookmark_parent": "",
        "bookmark_visibility": "",
        "children": {
            "item_01": {
                "object_name": "",
                "process_type": "",
                "parent_object": "",
                "display_name": "",
                "object_type": "",
                "object_color": "",
                "link": "False",
                "dir_name": "applications",
                "filesystem_type": "folder",
                "flame_type": "",
                "parent_dir": "/{projekts_dir}/{projekt_dir}/software",
                "path": "/{projekts_dir}/{projekt_dir}/software/applications",
                "bookmark_name": "",
                "bookmark_type": "",
                "bookmark_parent": "",
                "bookmark_visibility": ""
            }
        }
    }
}
