{
    "Markers": [
        {
            "Name": "Red",
            "Colour": {
                "r": 0.376,
                "g": 0.047,
                "b": 0.047
            }
        },
        {
            "Name": "Green",
            "Colour": {
                "r": 0.114,
                "g": 0.263,
                "b": 0.176
            }
        },
        {
            "Name": "Bright Green",
            "Colour": {
                "r": 0.102,
                "g": 0.502,
                "b": 0.208
            }
        },
        {
            "Name": "Blue",
            "Colour": {
                "r": 0.188,
                "g": 0.263,
                "b": 0.4
            }
        },
        {
            "Name": "Light Blue",
            "Colour": {
                "r": 0.263,
                "g": 0.408,
                "b": 0.502
            }
        },
        {
            "Name": "Purple",
            "Colour": {
                "r": 0.388,
                "g": 0.318,
                "b": 0.541
            }
        },
        {
            "Name": "Orange",
            "Colour": {
                "r": 0.6,
                "g": 0.345,
                "b": 0.165
            }
        },
        {
            "Name": "Gold",
            "Colour": {
                "r": 0.478,
                "g": 0.478,
                "b": 0.271
            }
        },
        {
            "Name": "Yellow",
            "Colour": {
                "r": 0.784,
                "g": 0.784,
                "b": 0.196
            }
        },
        {
            "Name": "Light Grey",
            "Colour": {
                "r": 0.706,
                "g": 0.706,
                "b": 0.706
            }
        },
        {
            "Name": "Black",
            "Colour": {
                "r": 0.0,
                "g": 0.0,
                "b": 0.0
            }
        },
        {
            "Name": "Dark Red",
            "Colour": {
                "r": 0.188,
                "g": 0.023,
                "b": 0.023
            }
        },
        {
            "Name": "Dark Green",
            "Colour": {
                "r": 0.057,
                "g": 0.131,
                "b": 0.088
            }
        },
        {
            "Name": "Dark Blue",
            "Colour": {
                "r": 0.094,
                "g": 0.131,
                "b": 0.2
            }
        },
        {
            "Name": "Dark Purple",
            "Colour": {
                "r": 0.194,
                "g": 0.159,
                "b": 0.27
            }
        },
        {
            "Name": "Dark Orange",
            "Colour": {
                "r": 0.3,
                "g": 0.172,
                "b": 0.082
            }
        },
        {
            "Name": "Dark Gold",
            "Colour": {
                "r": 0.239,
                "g": 0.239,
                "b": 0.135
            }
        },
        {
            "Name": "Grey02",
            "Colour": {
                "r": 0.928,
                "g": 0.928,
                "b": 0.928
            }
        },
        {
            "Name": "Grey03",
            "Colour": {
                "r": 0.857,
                "g": 0.857,
                "b": 0.857
            }
        },
        {
            "Name": "Grey04",
            "Colour": {
                "r": 0.786,
                "g": 0.786,
                "b": 0.786
            }
        },
        {
            "Name": "Grey05",
            "Colour": {
                "r": 0.714,
                "g": 0.714,
                "b": 0.714
            }
        },
        {
            "Name": "Grey06",
            "Colour": {
                "r": 0.643,
                "g": 0.643,
                "b": 0.643
            }
        },
        {
            "Name": "Grey07",
            "Colour": {
                "r": 0.571,
                "g": 0.571,
                "b": 0.571
            }
        },
        {
            "Name": "Grey08",
            "Colour": {
                "r": 0.5,
                "g": 0.5,
                "b": 0.5
            }
        },
        {
            "Name": "Grey09",
            "Colour": {
                "r": 0.417,
                "g": 0.417,
                "b": 0.417
            }
        },
        {
            "Name": "Grey10",
            "Colour": {
                "r": 0.333,
                "g": 0.333,
                "b": 0.333
            }
        },
        {
            "Name": "Grey11",
            "Colour": {
                "r": 0.25,
                "g": 0.25,
                "b": 0.25
            }
        },
        {
            "Name": "Grey12",
            "Colour": {
                "r": 0.167,
                "g": 0.167,
                "b": 0.167
            }
        },
        {
            "Name": "Grey13",
            "Colour": {
                "r": 0.083,
                "g": 0.083,
                "b": 0.083
                }
        }
    ],
    "MediaPanel": [
        {
            "Name": "Red",
            "Colour": {
                "r": 0.376,
                "g": 0.047,
                "b": 0.047
            }
        },
        {
            "Name": "Green",
            "Colour": {
                "r": 0.114,
                "g": 0.263,
                "b": 0.176
            }
        },
        {
            "Name": "Bright Green",
            "Colour": {
                "r": 0.102,
                "g": 0.502,
                "b": 0.208
            }
        },
        {
            "Name": "Blue",
            "Colour": {
                "r": 0.188,
                "g": 0.263,
                "b": 0.4
            }
        },
        {
            "Name": "Light Blue",
            "Colour": {
                "r": 0.263,
                "g": 0.408,
                "b": 0.502
            }
        },
        {
            "Name": "Purple",
            "Colour": {
                "r": 0.388,
                "g": 0.318,
                "b": 0.541
            }
        },
        {
            "Name": "Orange",
            "Colour": {
                "r": 0.6,
                "g": 0.345,
                "b": 0.165
            }
        },
        {
            "Name": "Gold",
            "Colour": {
                "r": 0.478,
                "g": 0.478,
                "b": 0.271
            }
        },
        {
            "Name": "Yellow",
            "Colour": {
                "r": 0.784,
                "g": 0.784,
                "b": 0.196
            }
        },
        {
            "Name": "Light Grey",
            "Colour": {
                "r": 0.706,
                "g": 0.706,
                "b": 0.706
            }
        },
        {
            "Name": "Black",
            "Colour": {
                "r": 0.0,
                "g": 0.0,
                "b": 0.0
            }
        },
        {
            "Name": "Dark Red",
            "Colour": {
                "r": 0.188,
                "g": 0.023,
                "b": 0.023
            }
        },
        {
            "Name": "Dark Green",
            "Colour": {
                "r": 0.057,
                "g": 0.131,
                "b": 0.088
            }
        },
        {
            "Name": "Dark Blue",
            "Colour": {
                "r": 0.094,
                "g": 0.131,
                "b": 0.2
            }
        },
        {
            "Name": "Dark Purple",
            "Colour": {
                "r": 0.194,
                "g": 0.159,
                "b": 0.27
            }
        },
        {
            "Name": "Dark Orange",
            "Colour": {
                "r": 0.3,
                "g": 0.172,
                "b": 0.082
            }
        },
        {
            "Name": "Dark Gold",
            "Colour": {
                "r": 0.239,
                "g": 0.239,
                "b": 0.135
            }
        },
        {
            "Name": "Grey02",
            "Colour": {
                "r": 0.928,
                "g": 0.928,
                "b": 0.928
            }
        },
        {
            "Name": "Grey03",
            "Colour": {
                "r": 0.857,
                "g": 0.857,
                "b": 0.857
            }
        },
        {
            "Name": "Grey04",
            "Colour": {
                "r": 0.786,
                "g": 0.786,
                "b": 0.786
            }
        },
        {
            "Name": "Grey05",
            "Colour": {
                "r": 0.714,
                "g": 0.714,
                "b": 0.714
            }
        },
        {
            "Name": "Grey06",
            "Colour": {
                "r": 0.643,
                "g": 0.643,
                "b": 0.643
            }
        },
        {
            "Name": "Grey07",
            "Colour": {
                "r": 0.571,
                "g": 0.571,
                "b": 0.571
            }
        },
        {
            "Name": "Grey08",
            "Colour": {
                "r": 0.5,
                "g": 0.5,
                "b": 0.5
            }
        },
        {
            "Name": "Grey09",
            "Colour": {
                "r": 0.417,
                "g": 0.417,
                "b": 0.417
            }
        },
        {
            "Name": "Grey10",
            "Colour": {
                "r": 0.333,
                "g": 0.333,
                "b": 0.333
            }
        },
        {
            "Name": "Grey11",
            "Colour": {
                "r": 0.25,
                "g": 0.25,
                "b": 0.25
            }
        },
        {
            "Name": "Grey12",
            "Colour": {
                "r": 0.167,
                "g": 0.167,
                "b": 0.167
            }
        },
        {
            "Name": "Grey13",
            "Colour": {
                "r": 0.083,
                "g": 0.083,
                "b": 0.083
                }
        }
    ]
}