{
    "item_00": {
        "object_name": "assets_library",
        "process_type": "create_or_validate_library",
        "parent_object": "the_current_workspace",
        "display_name": "'assets'",
        "object_type": "library",
        "object_color": "object_colors.get(\"Dark Green\")",
        "link": "True",
        "dir_name": "assets",
        "filesystem_type": "folder",
        "flame_type": "library",
        "parent_dir": "/{projekts_dir}/{projekt_dir}",
        "path": "/{projekts_dir}/{projekt_dir}/assets",
        "bookmark_name": "assets",
        "bookmark_type": "folder",
        "bookmark_parent": "projekt directories",
        "bookmark_visibility": "Global",
        "children": {
            "item_01": {
                "object_name": "artwork_folder",
                "process_type": "create_or_validate_object",
                "parent_object": "assets_library",
                "display_name": "'artwork'",
                "object_type": "folder",
                "object_color": "",
                "link": "True",
                "dir_name": "artwork",
                "filesystem_type": "folder",
                "flame_type": "folder",
                "parent_dir": "/{projekts_dir}/{projekt_dir}/assets",
                "path": "/{projekts_dir}/{projekt_dir}/assets/artwork",
                "bookmark_name": "artwork",
                "bookmark_type": "bookmark",
                "bookmark_parent": "assets",
                "bookmark_visibility": "Global"
            },
            "item_02": {
                "object_name": "audio_folder",
                "process_type": "create_or_validate_object",
                "parent_object": "assets_library",
                "display_name": "'audio'",
                "object_type": "folder",
                "object_color": "",
                "link": "True",
                "dir_name": "audio",
                "filesystem_type": "folder",
                "flame_type": "folder",
                "parent_dir": "/{projekts_dir}/{projekt_dir}/assets",
                "path": "/{projekts_dir}/{projekt_dir}/assets/audio",
                "bookmark_name": "audio",
                "bookmark_type": "folder",
                "bookmark_parent": "assets",
                "bookmark_visibility": "Global",
                "children": {
                    "item_03": {
                        "object_name": "dub_folder",
                        "process_type": "create_or_validate_object",
                        "parent_object": "audio_folder",
                        "display_name": "'dub'",
                        "object_type": "folder",
                        "object_color": "",
                        "link": "True",
                        "dir_name": "dub",
                        "filesystem_type": "folder",
                        "flame_type": "folder",
                        "parent_dir": "/{projekts_dir}/{projekt_dir}/assets/audio",
                        "path": "/{projekts_dir}/{projekt_dir}/assets/audio/dub",
                        "bookmark_name": "dub",
                        "bookmark_type": "bookmark",
                        "bookmark_parent": "audio",
                        "bookmark_visibility": "Global"
                    },
                    "item_04": {
                        "object_name": "mix_folder",
                        "process_type": "create_or_validate_object",
                        "parent_object": "audio_folder",
                        "display_name": "'mix'",
                        "object_type": "folder",
                        "object_color": "",
                        "link": "True",
                        "dir_name": "mix",
                        "filesystem_type": "folder",
                        "flame_type": "folder",
                        "parent_dir": "/{projekts_dir}/{projekt_dir}/assets/audio",
                        "path": "/{projekts_dir}/{projekt_dir}/assets/audio/mix",
                        "bookmark_name": "mix",
                        "bookmark_type": "bookmark",
                        "bookmark_parent": "audio",
                        "bookmark_visibility": "Global"
                    },
                    "item_05": {
                        "object_name": "music_folder",
                        "process_type": "create_or_validate_object",
                        "parent_object": "audio_folder",
                        "display_name": "'music'",
                        "object_type": "folder",
                        "object_color": "",
                        "link": "True",
                        "dir_name": "music",
                        "filesystem_type": "folder",
                        "flame_type": "folder",
                        "parent_dir": "/{projekts_dir}/{projekt_dir}/assets/audio",
                        "path": "/{projekts_dir}/{projekt_dir}/assets/audio/music",
                        "bookmark_name": "music",
                        "bookmark_type": "bookmark",
                        "bookmark_parent": "audio",
                        "bookmark_visibility": "Global"
                    },
                    "item_06": {
                        "object_name": "production_folder",
                        "process_type": "create_or_validate_object",
                        "parent_object": "audio_folder",
                        "display_name": "'production'",
                        "object_type": "folder",
                        "object_color": "",
                        "link": "True",
                        "dir_name": "production",
                        "filesystem_type": "folder",
                        "flame_type": "folder",
                        "parent_dir": "/{projekts_dir}/{projekt_dir}/assets/audio",
                        "path": "/{projekts_dir}/{projekt_dir}/assets/audio/production",
                        "bookmark_name": "production",
                        "bookmark_type": "bookmark",
                        "bookmark_parent": "audio",
                        "bookmark_visibility": "Global"
                    },
                    "item_07": {
                        "object_name": "sound_effects_folder",
                        "process_type": "create_or_validate_object",
                        "parent_object": "audio_folder",
                        "display_name": "'sound_effects'",
                        "object_type": "folder",
                        "object_color": "",
                        "link": "True",
                        "dir_name": "sound_effects",
                        "filesystem_type": "folder",
                        "flame_type": "folder",
                        "parent_dir": "/{projekts_dir}/{projekt_dir}/assets/audio",
                        "path": "/{projekts_dir}/{projekt_dir}/assets/audio/sound_effects",
                        "bookmark_name": "sound_effects",
                        "bookmark_type": "bookmark",
                        "bookmark_parent": "audio",
                        "bookmark_visibility": "Global"
                    },
                    "item_08": {
                        "object_name": "stems_folder",
                        "process_type": "create_or_validate_object",
                        "parent_object": "audio_folder",
                        "display_name": "'stems'",
                        "object_type": "folder",
                        "object_color": "",
                        "link": "True",
                        "dir_name": "stems",
                        "filesystem_type": "folder",
                        "flame_type": "folder",
                        "parent_dir": "/{projekts_dir}/{projekt_dir}/assets/audio",
                        "path": "/{projekts_dir}/{projekt_dir}/assets/audio/stems",
                        "bookmark_name": "stems",
                        "bookmark_type": "bookmark",
                        "bookmark_parent": "audio",
                        "bookmark_visibility": "Global"
                    },
                    "item_09": {
                        "object_name": "voiceover_folder",
                        "process_type": "create_or_validate_object",
                        "parent_object": "audio_folder",
                        "display_name": "'voiceover'",
                        "object_type": "folder",
                        "object_color": "",
                        "link": "True",
                        "dir_name": "voiceover",
                        "filesystem_type": "folder",
                        "flame_type": "folder",
                        "parent_dir": "/{projekts_dir}/{projekt_dir}/assets/audio",
                        "path": "/{projekts_dir}/{projekt_dir}/assets/audio/voiceover",
                        "bookmark_name": "voiceover",
                        "bookmark_type": "bookmark",
                        "bookmark_parent": "audio",
                        "bookmark_visibility": "Global"
                    }
                }        
            },
            "item_10": {
                "object_name": "cgi_folder",
                "process_type": "create_or_validate_object",
                "parent_object": "assets_library",
                "display_name": "'cgi'",
                "object_type": "folder",
                "object_color": "",
                "link": "True",
                "dir_name": "cgi",
                "filesystem_type": "folder",
                "flame_type": "folder",
                "parent_dir": "/{projekts_dir}/{projekt_dir}/assets",
                "path": "/{projekts_dir}/{projekt_dir}/assets/cgi",
                "bookmark_name": "cgi",
                "bookmark_type": "bookmark",
                "bookmark_parent": "assets",
                "bookmark_visibility": "Global"
            },
            "item_11": {
                "object_name": "font_folder",
                "process_type": "create_or_validate_object",
                "parent_object": "assets_library",
                "display_name": "'font'",
                "object_type": "folder",
                "object_color": "",
                "link": "True",
                "dir_name": "font",
                "filesystem_type": "folder",
                "flame_type": "folder",
                "parent_dir": "/{projekts_dir}/{projekt_dir}/assets",
                "path": "/{projekts_dir}/{projekt_dir}/assets/font",
                "bookmark_name": "font",
                "bookmark_type": "bookmark",
                "bookmark_parent": "assets",
                "bookmark_visibility": "Global"
            },
            "item_12": {
                "object_name": "footage_folder",
                "process_type": "create_or_validate_object",
                "parent_object": "assets_library",
                "display_name": "'footage'",
                "object_type": "folder",
                "object_color": "",
                "link": "True",
                "dir_name": "footage",
                "filesystem_type": "folder",
                "flame_type": "folder",
                "parent_dir": "/{projekts_dir}/{projekt_dir}/assets",
                "path": "/{projekts_dir}/{projekt_dir}/assets/footage",
                "bookmark_name": "footage",
                "bookmark_type": "folder",
                "bookmark_parent": "assets",
                "bookmark_visibility": "Global",
                "children": {
                    "item_13": {
                        "object_name": "graded_folder",
                        "process_type": "create_or_validate_object",
                        "parent_object": "footage_folder",
                        "display_name": "'graded'",
                        "object_type": "folder",
                        "object_color": "",
                        "link": "True",
                        "dir_name": "graded",
                        "filesystem_type": "folder",
                        "flame_type": "folder",
                        "parent_dir": "/{projekts_dir}/{projekt_dir}/assets/footage",
                        "path": "/{projekts_dir}/{projekt_dir}/assets/footage/graded",
                        "bookmark_name": "graded",
                        "bookmark_type": "bookmark",
                        "bookmark_parent": "footage",
                        "bookmark_visibility": "Global"
                    },
                    "item_14": {
                        "object_name": "raw_folder",
                        "process_type": "create_or_validate_object",
                        "parent_object": "footage_folder",
                        "display_name": "'raw'",
                        "object_type": "folder",
                        "object_color": "",
                        "link": "True",
                        "dir_name": "raw",
                        "filesystem_type": "folder",
                        "flame_type": "folder",
                        "parent_dir": "/{projekts_dir}/{projekt_dir}/assets/footage",
                        "path": "/{projekts_dir}/{projekt_dir}/assets/footage/raw",
                        "bookmark_name": "raw",
                        "bookmark_type": "bookmark",
                        "bookmark_parent": "footage",
                        "bookmark_visibility": "Global"
                    },
                    "item_15": {
                        "object_name": "stock_folder",
                        "process_type": "create_or_validate_object",
                        "parent_object": "footage_folder",
                        "display_name": "'stock'",
                        "object_type": "folder",
                        "object_color": "",
                        "link": "True",
                        "dir_name": "stock",
                        "filesystem_type": "folder",
                        "flame_type": "folder",
                        "parent_dir": "/{projekts_dir}/{projekt_dir}/assets/footage",
                        "path": "/{projekts_dir}/{projekt_dir}/assets/footage/stock",
                        "bookmark_name": "stock",
                        "bookmark_type": "bookmark",
                        "bookmark_parent": "footage",
                        "bookmark_visibility": "Global"
                    },
                    "item_16": {
                        "object_name": "transcodes_folder",
                        "process_type": "create_or_validate_object",
                        "parent_object": "footage_folder",
                        "display_name": "'transcodes'",
                        "object_type": "folder",
                        "object_color": "",
                        "link": "True",
                        "dir_name": "transcodes",
                        "filesystem_type": "folder",
                        "flame_type": "folder",
                        "parent_dir": "/{projekts_dir}/{projekt_dir}/assets/footage",
                        "path": "/{projekts_dir}/{projekt_dir}/assets/footage/transcodes",
                        "bookmark_name": "transcodes",
                        "bookmark_type": "bookmark",
                        "bookmark_parent": "footage",
                        "bookmark_visibility": "Global"
                    }
                }
            },
            "item_17": {
                "object_name": "graphics_folder",
                "process_type": "create_or_validate_object",
                "parent_object": "assets_library",
                "display_name": "'graphics'",
                "object_type": "folder",
                "object_color": "",
                "link": "True",
                "dir_name": "graphics",
                "filesystem_type": "folder",
                "flame_type": "folder",
                "parent_dir": "/{projekts_dir}/{projekt_dir}/assets",
                "path": "/{projekts_dir}/{projekt_dir}/assets/graphics",
                "bookmark_name": "graphics",
                "bookmark_type": "bookmark",
                "bookmark_parent": "assets",
                "bookmark_visibility": "Global"
            },
            "item_18": {
                "object_name": "images_folder",
                "process_type": "create_or_validate_object",
                "parent_object": "assets_library",
                "display_name": "'images'",
                "object_type": "folder",
                "object_color": "",
                "link": "True",
                "dir_name": "images",
                "filesystem_type": "folder",
                "flame_type": "folder",
                "parent_dir": "/{projekts_dir}/{projekt_dir}/assets",
                "path": "/{projekts_dir}/{projekt_dir}/assets/images",
                "bookmark_name": "images",
                "bookmark_type": "bookmark",
                "bookmark_parent": "assets",
                "bookmark_visibility": "Global"
            },
            "item_19": {
                "object_name": "legal_folder",
                "process_type": "create_or_validate_object",
                "parent_object": "assets_library",
                "display_name": "'legal'",
                "object_type": "folder",
                "object_color": "",
                "link": "True",
                "dir_name": "legal",
                "filesystem_type": "folder",
                "flame_type": "folder",
                "parent_dir": "/{projekts_dir}/{projekt_dir}/assets",
                "path": "/{projekts_dir}/{projekt_dir}/assets/legal",
                "bookmark_name": "legal",
                "bookmark_type": "bookmark",
                "bookmark_parent": "assets",
                "bookmark_visibility": "Global"
            },
            "item_20": {
                "object_name": "matchmoving_folder",
                "process_type": "create_or_validate_object",
                "parent_object": "assets_library",
                "display_name": "'matchmoving'",
                "object_type": "folder",
                "object_color": "",
                "link": "True",
                "dir_name": "matchmoving",
                "filesystem_type": "folder",
                "flame_type": "folder",
                "parent_dir": "/{projekts_dir}/{projekt_dir}/assets",
                "path": "/{projekts_dir}/{projekt_dir}/assets/matchmoving",
                "bookmark_name": "matchmoving",
                "bookmark_type": "bookmark",
                "bookmark_parent": "assets",
                "bookmark_visibility": "Global"
            },
            "item_21": {
                "object_name": "miscellaneous_folder",
                "process_type": "create_or_validate_object",
                "parent_object": "assets_library",
                "display_name": "'miscellaneous'",
                "object_type": "folder",
                "object_color": "",
                "link": "True",
                "dir_name": "miscellaneous",
                "filesystem_type": "folder",
                "flame_type": "folder",
                "parent_dir": "/{projekts_dir}/{projekt_dir}/assets",
                "path": "/{projekts_dir}/{projekt_dir}/assets/miscellaneous",
                "bookmark_name": "miscellaneous",
                "bookmark_type": "bookmark",
                "bookmark_parent": "assets",
                "bookmark_visibility": "Global"
            },
            "item_22": {
                "object_name": "paint_folder",
                "process_type": "create_or_validate_object",
                "parent_object": "assets_library",
                "display_name": "'paint'",
                "object_type": "folder",
                "object_color": "",
                "link": "True",
                "dir_name": "paint",
                "filesystem_type": "folder",
                "flame_type": "folder",
                "parent_dir": "/{projekts_dir}/{projekt_dir}/assets",
                "path": "/{projekts_dir}/{projekt_dir}/assets/paint",
                "bookmark_name": "paint",
                "bookmark_type": "bookmark",
                "bookmark_parent": "assets",
                "bookmark_visibility": "Global"
            },
            "item_23": {
                "object_name": "photoshop_folder",
                "process_type": "create_or_validate_object",
                "parent_object": "assets_library",
                "display_name": "'photoshop'",
                "object_type": "folder",
                "object_color": "",
                "link": "True",
                "dir_name": "photoshop",
                "filesystem_type": "folder",
                "flame_type": "folder",
                "parent_dir": "/{projekts_dir}/{projekt_dir}/assets",
                "path": "/{projekts_dir}/{projekt_dir}/assets/photoshop",
                "bookmark_name": "photoshop",
                "bookmark_type": "bookmark",
                "bookmark_parent": "assets",
                "bookmark_visibility": "Global"
            },
            "item_24": {
                "object_name": "roto_folder",
                "process_type": "create_or_validate_object",
                "parent_object": "assets_library",
                "display_name": "'roto'",
                "object_type": "folder",
                "object_color": "",
                "link": "True",
                "dir_name": "roto",
                "filesystem_type": "folder",
                "flame_type": "folder",
                "parent_dir": "/{projekts_dir}/{projekt_dir}/assets",
                "path": "/{projekts_dir}/{projekt_dir}/assets/roto",
                "bookmark_name": "roto",
                "bookmark_type": "bookmark",
                "bookmark_parent": "assets",
                "bookmark_visibility": "Global"
            },
            "item_25": {
                "object_name": "slates_folder",
                "process_type": "create_or_validate_object",
                "parent_object": "assets_library",
                "display_name": "'slates'",
                "object_type": "folder",
                "object_color": "",
                "link": "True",
                "dir_name": "slates",
                "filesystem_type": "folder",
                "flame_type": "folder",
                "parent_dir": "/{projekts_dir}/{projekt_dir}/assets",
                "path": "/{projekts_dir}/{projekt_dir}/assets/slates",
                "bookmark_name": "slates",
                "bookmark_type": "bookmark",
                "bookmark_parent": "assets",
                "bookmark_visibility": "Global"
            },
            "item_26": {
                "object_name": "subtitles_folder",
                "process_type": "create_or_validate_object",
                "parent_object": "assets_library",
                "display_name": "'subtitles'",
                "object_type": "folder",
                "object_color": "",
                "link": "True",
                "dir_name": "subtitles",
                "filesystem_type": "folder",
                "flame_type": "folder",
                "parent_dir": "/{projekts_dir}/{projekt_dir}/assets",
                "path": "/{projekts_dir}/{projekt_dir}/assets/subtitles",
                "bookmark_name": "subtitles",
                "bookmark_type": "bookmark",
                "bookmark_parent": "assets",
                "bookmark_visibility": "Global"
            },
            "item_27": {
                "object_name": "supers_folder",
                "process_type": "create_or_validate_object",
                "parent_object": "assets_library",
                "display_name": "'supers'",
                "object_type": "folder",
                "object_color": "",
                "link": "True",
                "dir_name": "supers",
                "filesystem_type": "folder",
                "flame_type": "folder",
                "parent_dir": "/{projekts_dir}/{projekt_dir}/assets",
                "path": "/{projekts_dir}/{projekt_dir}/assets/supers",
                "bookmark_name": "supers",
                "bookmark_type": "bookmark",
                "bookmark_parent": "assets",
                "bookmark_visibility": "Global"
            },
            "item_28": {
                "object_name": "titles_folder",
                "process_type": "create_or_validate_object",
                "parent_object": "assets_library",
                "display_name": "'titles'",
                "object_type": "folder",
                "object_color": "",
                "link": "True",
                "dir_name": "titles",
                "filesystem_type": "folder",
                "flame_type": "folder",
                "parent_dir": "/{projekts_dir}/{projekt_dir}/assets",
                "path": "/{projekts_dir}/{projekt_dir}/assets/titles",
                "bookmark_name": "titles",
                "bookmark_type": "bookmark",
                "bookmark_parent": "assets",
                "bookmark_visibility": "Global"
            },
            "item_29": {
                "object_name": "tracking_folder",
                "process_type": "create_or_validate_object",
                "parent_object": "assets_library",
                "display_name": "'tracking'",
                "object_type": "folder",
                "object_color": "",
                "link": "True",
                "dir_name": "tracking",
                "filesystem_type": "folder",
                "flame_type": "folder",
                "parent_dir": "/{projekts_dir}/{projekt_dir}/assets",
                "path": "/{projekts_dir}/{projekt_dir}/assets/tracking",
                "bookmark_name": "tracking",
                "bookmark_type": "bookmark",
                "bookmark_parent": "assets",
                "bookmark_visibility": "Global"
            },
            "item_30": {
                "object_name": "video_folder",
                "process_type": "create_or_validate_object",
                "parent_object": "assets_library",
                "display_name": "'video'",
                "object_type": "folder",
                "object_color": "",
                "link": "True",
                "dir_name": "video",
                "filesystem_type": "folder",
                "flame_type": "folder",
                "parent_dir": "/{projekts_dir}/{projekt_dir}/assets",
                "path": "/{projekts_dir}/{projekt_dir}/assets/video",
                "bookmark_name": "video",
                "bookmark_type": "bookmark",
                "bookmark_parent": "assets",
                "bookmark_visibility": "Global"
            }
        }
    }
}
