{
    "group": "Miscellaneous Resolutions",
    "items": [
        {
            "separator": true,
            "separator_name": "+ ----------- Miscellaneous ---------------------- +",
            "items": [
                {
                    "resolution_name": "640 x 480 | VGA 4:3",
                    "width": 640,
                    "height": 480,
                    "storage_aspect_ratio": 1.3333333,
                    "display_aspect_ratio": 1.3333333,
                    "pixel_aspect_ratio": 1.0,
                    "aspect_ratio": 1.3333333
                },
                {
                    "resolution_name": "960 x 720 | HDV 720 16:9",
                    "width": 960,
                    "height": 720,
                    "storage_aspect_ratio": 1.3333333,
                    "display_aspect_ratio": 1.7333333,
                    "pixel_aspect_ratio": 1.3,
                    "aspect_ratio": 1.7333333
                },
                {
                    "resolution_name": "1280 x 1080 | DVCPro HD 1080",
                    "width": 1280,
                    "height": 1080,
                    "storage_aspect_ratio": 1.1851852,
                    "display_aspect_ratio": 1.7777778,
                    "pixel_aspect_ratio": 1.5,
                    "aspect_ratio": 1.7777778
                },
                {
                    "resolution_name": "1440 x 1080 | HDV 1080 4:3",
                    "width": 1440,
                    "height": 1080,
                    "storage_aspect_ratio": 1.3333333,
                    "display_aspect_ratio": 1.3333333,
                    "pixel_aspect_ratio": 1.0,
                    "aspect_ratio": 1.3333333
                },
                {
                    "resolution_name": "1920 x 1036 | HD 1035i 1.85",
                    "width": 1920,
                    "height": 1036,
                    "storage_aspect_ratio": 1.8532819,
                    "display_aspect_ratio": 1.8532819,
                    "pixel_aspect_ratio": 1.0,
                    "aspect_ratio": 1.8532819
                },
                {
                    "resolution_name": "1440 x 1080 | HD 1080 16:9",
                    "width": 1440,
                    "height": 1080,
                    "storage_aspect_ratio": 1.3333333,
                    "display_aspect_ratio": 1.7333333,
                    "pixel_aspect_ratio": 1.3,
                    "aspect_ratio": 1.7333333
                }
            ]
        }
    ]
}