{
    "group": "RED Camera Resolutions",
    "items": [
        {
            "separator": true,
            "separator_name": "+ ----------- RED 6.5K - Spherical --------------- +",
            "items": [
                {
                    "resolution_name": "6144 x 3456 | RED 6.5K 16:9",
                    "width": 6144,
                    "height": 3456,
                    "storage_aspect_ratio": 1.7777778,
                    "display_aspect_ratio": 1.7777778,
                    "pixel_aspect_ratio": 1.0,
                    "aspect_ratio": 1.7777778
                },
                {
                    "resolution_name": "6656 x 832 | RED 6.5K 8:1",
                    "width": 6656,
                    "height": 832,
                    "storage_aspect_ratio": 8.0,
                    "display_aspect_ratio": 8.0,
                    "pixel_aspect_ratio": 1.0,
                    "aspect_ratio": 8.0
                },
                {
                    "resolution_name": "6656 x 1664 | RED 6.5K 4:1",
                    "width": 6656,
                    "height": 1664,
                    "storage_aspect_ratio": 4.0,
                    "display_aspect_ratio": 4.0,
                    "pixel_aspect_ratio": 1.0,
                    "aspect_ratio": 4.0
                },
                {
                    "resolution_name": "6656 x 2808 | RED 6.5K 2.37 WS",
                    "width": 6656,
                    "height": 2808,
                    "storage_aspect_ratio": 2.3703704,
                    "display_aspect_ratio": 2.3703704,
                    "pixel_aspect_ratio": 1.0,
                    "aspect_ratio": 2.3703704
                },
                {
                    "resolution_name": "6656 x 3328 | RED 6.5K 2:1",
                    "width": 6656,
                    "height": 3328,
                    "storage_aspect_ratio": 2.0,
                    "display_aspect_ratio": 2.0,
                    "pixel_aspect_ratio": 1.0,
                    "aspect_ratio": 2.0
                },
                {
                    "resolution_name": "6656 x 3536 | RED 6.5K Full",
                    "width": 6656,
                    "height": 3536,
                    "storage_aspect_ratio": 1.8823529,
                    "display_aspect_ratio": 1.8823529,
                    "pixel_aspect_ratio": 1.0,
                    "aspect_ratio": 1.8823529
                }
            ]
        }
    ]
}