{
    "group": "Canon Camera Definitions",
    "items": [
        {
            "separator": true,
            "separator_name": "+ ----------- Canon Cameras ---------------------- +",
            "items": [
                {
                    "resolution_name": "1440 x 1080 | Canon HD 4:3",
                    "width": 1440,
                    "height": 1080,
                    "storage_aspect_ratio": 1.3333333,
                    "display_aspect_ratio": 1.3333333,
                    "pixel_aspect_ratio": 1.0,
                    "aspect_ratio": 1.3333333
                },
                {
                    "resolution_name": "1280 x 720 | Canon HDTV 16:9",
                    "width": 1280,
                    "height": 720,
                    "storage_aspect_ratio": 1.7777778,
                    "display_aspect_ratio": 1.7777778,
                    "pixel_aspect_ratio": 1.0,
                    "aspect_ratio": 1.7777778
                },
                {
                    "resolution_name": "1920 x 1080 | Canon HDTV 16:9",
                    "width": 1920,
                    "height": 1080,
                    "storage_aspect_ratio": 1.7777778,
                    "display_aspect_ratio": 1.7777778,
                    "pixel_aspect_ratio": 1.0,
                    "aspect_ratio": 1.7777778
                },
                {
                    "resolution_name": "2048 x 1080 | Canon 2K 17:9",
                    "width": 2048,
                    "height": 1080,
                    "storage_aspect_ratio": 1.8962963,
                    "display_aspect_ratio": 1.8962963,
                    "pixel_aspect_ratio": 1.0,
                    "aspect_ratio": 1.8962963
                },
                {
                    "resolution_name": "3840 x 1080 | Canon 4K 3.5",
                    "width": 3840,
                    "height": 1080,
                    "storage_aspect_ratio": 3.5555556,
                    "display_aspect_ratio": 3.5555556,
                    "pixel_aspect_ratio": 1.0,
                    "aspect_ratio": 3.5555556
                },
                {
                    "resolution_name": "3840 x 2160 | Canon UHDTV 16:9",
                    "width": 3840,
                    "height": 2160,
                    "storage_aspect_ratio": 1.7777778,
                    "display_aspect_ratio": 1.7777778,
                    "pixel_aspect_ratio": 1.0,
                    "aspect_ratio": 1.7777778
                },
                {
                    "resolution_name": "4096 x 2160 | Canon 4K 17:9",
                    "width": 4096,
                    "height": 2160,
                    "storage_aspect_ratio": 1.8962963,
                    "display_aspect_ratio": 1.8962963,
                    "pixel_aspect_ratio": 1.0,
                    "aspect_ratio": 1.8962963
                },
                {
                    "resolution_name": "4512 x 2376 | Canon 4.5K 17:9",
                    "width": 4512,
                    "height": 2376,
                    "storage_aspect_ratio": 1.8989899,
                    "display_aspect_ratio": 1.8989899,
                    "pixel_aspect_ratio": 1.0,
                    "aspect_ratio": 1.8989899
                },
                {
                    "resolution_name": "5472 x 2886 | Canon 5.4K 17:9",
                    "width": 5472,
                    "height": 2886,
                    "storage_aspect_ratio": 1.8960499,
                    "display_aspect_ratio": 1.8960499,
                    "pixel_aspect_ratio": 1.0,
                    "aspect_ratio": 1.8960499
                },
                {
                    "resolution_name": "5952 x 2532 | Canon 5.9K 2.35",
                    "width": 5952,
                    "height": 2532,
                    "storage_aspect_ratio": 2.3507109,
                    "display_aspect_ratio": 2.3507109,
                    "pixel_aspect_ratio": 1.0,
                    "aspect_ratio": 2.3507109
                },
                {
                    "resolution_name": "5952 x 3140 | Canon 5.9K 17:9",
                    "width": 5952,
                    "height": 3140,
                    "storage_aspect_ratio": 1.8955414,
                    "display_aspect_ratio": 1.8955414,
                    "pixel_aspect_ratio": 1.0,
                    "aspect_ratio": 1.8955414
                },
                {
                    "resolution_name": "5968 x 2548 | Canon 5.9K 2.35",
                    "width": 5968,
                    "height": 2548,
                    "storage_aspect_ratio": 2.3422292,
                    "display_aspect_ratio": 2.3422292,
                    "pixel_aspect_ratio": 1.0,
                    "aspect_ratio": 2.3422292
                },
                {
                    "resolution_name": "5968 x 3156 | Canon 5.9K 17:9",
                    "width": 5968,
                    "height": 3156,
                    "storage_aspect_ratio": 1.8910013,
                    "display_aspect_ratio": 1.8910013,
                    "pixel_aspect_ratio": 1.0,
                    "aspect_ratio": 1.8910013
                },
                {
                    "resolution_name": "5970 x 2548 | Canon 5.9K 2.35",
                    "width": 5970,
                    "height": 2548,
                    "storage_aspect_ratio": 2.3430141,
                    "display_aspect_ratio": 2.3430141,
                    "pixel_aspect_ratio": 1.0,
                    "aspect_ratio": 2.3430141
                },
                {
                    "resolution_name": "5970 x 3156 | Canon 5.9K 17:9",
                    "width": 5970,
                    "height": 3156,
                    "storage_aspect_ratio": 1.891635,
                    "display_aspect_ratio": 1.891635,
                    "pixel_aspect_ratio": 1.0,
                    "aspect_ratio": 1.891635
                },
                {
                    "resolution_name": "8192 x 4320 | Canon 8K 17:9",
                    "width": 8192,
                    "height": 4320,
                    "storage_aspect_ratio": 1.8962963,
                    "display_aspect_ratio": 1.8962963,
                    "pixel_aspect_ratio": 1.0,
                    "aspect_ratio": 1.8962963
                }
            ]
        }
    ]
}