{
    "group": "Sony Camera Resolutions",
    "items": [
        {
            "separator": true,
            "separator_name": "+ ----------- Sony (Spherical) ------------------- +",
            "items": [
                {
                    "resolution_name": "2048 x 1080 | Sony 2K 17:9",
                    "width": 2048,
                    "height": 1080,
                    "storage_aspect_ratio": 1.8962963,
                    "display_aspect_ratio": 1.8962963,
                    "pixel_aspect_ratio": 1.0,
                    "aspect_ratio": 1.8962963
                },
                {
                    "resolution_name": "3840 x 2160 | Sony 3.8K 16:9",
                    "width": 3840,
                    "height": 2160,
                    "storage_aspect_ratio": 1.7777778,
                    "display_aspect_ratio": 1.7777778,
                    "pixel_aspect_ratio": 1.0,
                    "aspect_ratio": 1.7777778
                },
                {
                    "resolution_name": "4096 x 1716 | Sony 4K Super35 2.39",
                    "width": 4096,
                    "height": 1716,
                    "storage_aspect_ratio": 2.3869464,
                    "display_aspect_ratio": 2.3869464,
                    "pixel_aspect_ratio": 1.0,
                    "aspect_ratio": 2.3869464
                },
                {
                    "resolution_name": "4096 x 2160 | Sony 4K 17:9",
                    "width": 4096,
                    "height": 2160,
                    "storage_aspect_ratio": 1.8962963,
                    "display_aspect_ratio": 1.8962963,
                    "pixel_aspect_ratio": 1.0,
                    "aspect_ratio": 1.8962963
                },
                {
                    "resolution_name": "4096 x 3024 | Sony 4K 4:3",
                    "width": 4096,
                    "height": 3024,
                    "storage_aspect_ratio": 1.3544974,
                    "display_aspect_ratio": 1.3544974,
                    "pixel_aspect_ratio": 1.0,
                    "aspect_ratio": 1.3544974
                },
                {
                    "resolution_name": "4096 x 3432 | Sony 4K 6:5",
                    "width": 4096,
                    "height": 3432,
                    "storage_aspect_ratio": 1.1934732,
                    "display_aspect_ratio": 1.1934732,
                    "pixel_aspect_ratio": 1.0,
                    "aspect_ratio": 1.1934732
                },
                {
                    "resolution_name": "5434 x 3056 | Sony 5.4K 16:9",
                    "width": 5434,
                    "height": 3056,
                    "storage_aspect_ratio": 1.7781414,
                    "display_aspect_ratio": 1.7781414,
                    "pixel_aspect_ratio": 1.0,
                    "aspect_ratio": 1.7781414
                },
                {
                    "resolution_name": "5480 x 2296 | Sony 5.4K 2.39:1",
                    "width": 5480,
                    "height": 2296,
                    "storage_aspect_ratio": 2.3867596,
                    "display_aspect_ratio": 2.3867596,
                    "pixel_aspect_ratio": 1.0,
                    "aspect_ratio": 2.3867596
                },
                {
                    "resolution_name": "5670 x 3190 | Sony 5.7K 16:9",
                    "width": 5670,
                    "height": 3190,
                    "storage_aspect_ratio": 1.7774295,
                    "display_aspect_ratio": 1.7774295,
                    "pixel_aspect_ratio": 1.0,
                    "aspect_ratio": 1.7774295
                },
                {
                    "resolution_name": "5672 x 3190 | Sony 5.7K 16:9",
                    "width": 5672,
                    "height": 3190,
                    "storage_aspect_ratio": 1.7780564,
                    "display_aspect_ratio": 1.7780564,
                    "pixel_aspect_ratio": 1.0,
                    "aspect_ratio": 1.7780564
                },
                {
                    "resolution_name": "5674 x 3192 | Sony 5.7K 16:9",
                    "width": 5674,
                    "height": 3192,
                    "storage_aspect_ratio": 1.7775689,
                    "display_aspect_ratio": 1.7775689,
                    "pixel_aspect_ratio": 1.0,
                    "aspect_ratio": 1.7775689
                },
                {
                    "resolution_name": "5760 x 3036 | Sony 5.8K 17:9",
                    "width": 5760,
                    "height": 3036,
                    "storage_aspect_ratio": 1.8972332,
                    "display_aspect_ratio": 1.8972332,
                    "pixel_aspect_ratio": 1.0,
                    "aspect_ratio": 1.8972332
                },
                {
                    "resolution_name": "5760 x 3240 | Sony 5.8K 16:9",
                    "width": 5760,
                    "height": 3240,
                    "storage_aspect_ratio": 1.7777778,
                    "display_aspect_ratio": 1.7777778,
                    "pixel_aspect_ratio": 1.0,
                    "aspect_ratio": 1.7777778
                },
                {
                    "resolution_name": "5792 x 3056 | Sony 5.8K 17:9",
                    "width": 5792,
                    "height": 3056,
                    "storage_aspect_ratio": 1.895288,
                    "display_aspect_ratio": 1.895288,
                    "pixel_aspect_ratio": 1.0,
                    "aspect_ratio": 1.895288
                },
                {
                    "resolution_name": "5792 x 4276 | Sony 5.8K 4:3",
                    "width": 5792,
                    "height": 4276,
                    "storage_aspect_ratio": 1.354537,
                    "display_aspect_ratio": 1.354537,
                    "pixel_aspect_ratio": 1.0,
                    "aspect_ratio": 1.354537
                },
                {
                    "resolution_name": "5792 x 4854 | Sony 5.8K 6:5",
                    "width": 5792,
                    "height": 4854,
                    "storage_aspect_ratio": 1.1932427,
                    "display_aspect_ratio": 1.1932427,
                    "pixel_aspect_ratio": 1.0,
                    "aspect_ratio": 1.1932427
                },
                {
                    "resolution_name": "6048 x 2534 | Sony 6K 2.39",
                    "width": 6048,
                    "height": 2534,
                    "storage_aspect_ratio": 2.3867403,
                    "display_aspect_ratio": 2.3867403,
                    "pixel_aspect_ratio": 1.0,
                    "aspect_ratio": 2.3867403
                },
                {
                    "resolution_name": "6048 x 3190 | Sony 6K 17:9",
                    "width": 6048,
                    "height": 3190,
                    "storage_aspect_ratio": 1.8959248,
                    "display_aspect_ratio": 1.8959248,
                    "pixel_aspect_ratio": 1.0,
                    "aspect_ratio": 1.8959248
                },
                {
                    "resolution_name": "6048 x 3270 | Sony 6K 1.85",
                    "width": 6048,
                    "height": 3270,
                    "storage_aspect_ratio": 1.8495413,
                    "display_aspect_ratio": 1.8495413,
                    "pixel_aspect_ratio": 1.0,
                    "aspect_ratio": 1.8495413
                },
                {
                    "resolution_name": "6048 x 4032 | Sony 6K 3:2",
                    "width": 6048,
                    "height": 4032,
                    "storage_aspect_ratio": 1.5,
                    "display_aspect_ratio": 1.5,
                    "pixel_aspect_ratio": 1.0,
                    "aspect_ratio": 1.5
                },
                {
                    "resolution_name": "6052 x 3192 | Sony 6K 17:9",
                    "width": 6052,
                    "height": 3192,
                    "storage_aspect_ratio": 1.89599,
                    "display_aspect_ratio": 1.89599,
                    "pixel_aspect_ratio": 1.0,
                    "aspect_ratio": 1.89599
                },
                {
                    "resolution_name": "6052 x 3404 | Sony 6K 16:9",
                    "width": 6052,
                    "height": 3404,
                    "storage_aspect_ratio": 1.7779083,
                    "display_aspect_ratio": 1.7779083,
                    "pixel_aspect_ratio": 1.0,
                    "aspect_ratio": 1.7779083
                },
                {
                    "resolution_name": "6054 x 3192 | Sony 6K 17:9",
                    "width": 6054,
                    "height": 3192,
                    "storage_aspect_ratio": 1.8966165,
                    "display_aspect_ratio": 1.8966165,
                    "pixel_aspect_ratio": 1.0,
                    "aspect_ratio": 1.8966165
                },
                {
                    "resolution_name": "6054 x 3272 | Sony 6K 1.85",
                    "width": 6054,
                    "height": 3272,
                    "storage_aspect_ratio": 1.8502445,
                    "display_aspect_ratio": 1.8502445,
                    "pixel_aspect_ratio": 1.0,
                    "aspect_ratio": 1.8502445
                },
                {
                    "resolution_name": "7680 x 4320 | Sony 7.6K 16:9",
                    "width": 7680,
                    "height": 4320,
                    "storage_aspect_ratio": 1.7777778,
                    "display_aspect_ratio": 1.7777778,
                    "pixel_aspect_ratio": 1.0,
                    "aspect_ratio": 1.7777778
                },
                {
                    "resolution_name": "8100 x 4556 | Sony 8.1K 16:9",
                    "width": 8100,
                    "height": 4556,
                    "storage_aspect_ratio": 1.7778753,
                    "display_aspect_ratio": 1.7778753,
                    "pixel_aspect_ratio": 1.0,
                    "aspect_ratio": 1.7778753
                },
                {
                    "resolution_name": "8182 x 2160 | Sony 8.2K 3.78",
                    "width": 8182,
                    "height": 2160,
                    "storage_aspect_ratio": 3.787963,
                    "display_aspect_ratio": 3.787963,
                    "pixel_aspect_ratio": 1.0,
                    "aspect_ratio": 3.787963
                },
                {
                    "resolution_name": "8192 x 3432 | Sony 8.2K 2.39",
                    "width": 8192,
                    "height": 3432,
                    "storage_aspect_ratio": 2.3869464,
                    "display_aspect_ratio": 2.3869464,
                    "pixel_aspect_ratio": 1.0,
                    "aspect_ratio": 2.3869464
                },
                {
                    "resolution_name": "8192 x 4320 | Sony 8.2K 17:9",
                    "width": 8192,
                    "height": 4320,
                    "storage_aspect_ratio": 1.8962963,
                    "display_aspect_ratio": 1.8962963,
                    "pixel_aspect_ratio": 1.0,
                    "aspect_ratio": 1.8962963
                },
                {
                    "resolution_name": "8632 x 4552 | Sony 8.6K 17:9",
                    "width": 8632,
                    "height": 4552,
                    "storage_aspect_ratio": 1.8963093,
                    "display_aspect_ratio": 1.8963093,
                    "pixel_aspect_ratio": 1.0,
                    "aspect_ratio": 1.8963093
                },
                {
                    "resolution_name": "8632 x 4856 | Sony 8.6K 16:9",
                    "width": 8632,
                    "height": 4856,
                    "storage_aspect_ratio": 1.7775947,
                    "display_aspect_ratio": 1.7775947,
                    "pixel_aspect_ratio": 1.0,
                    "aspect_ratio": 1.7775947
                },
                {
                    "resolution_name": "8640 x 4556 | Sony 8.6K 17:9",
                    "width": 8640,
                    "height": 4556,
                    "storage_aspect_ratio": 1.8964004,
                    "display_aspect_ratio": 1.8964004,
                    "pixel_aspect_ratio": 1.0,
                    "aspect_ratio": 1.8964004
                },
                {
                    "resolution_name": "8640 x 5760 | Sony 8.6K 3:2",
                    "width": 8640,
                    "height": 5760,
                    "storage_aspect_ratio": 1.5,
                    "display_aspect_ratio": 1.5,
                    "pixel_aspect_ratio": 1.0,
                    "aspect_ratio": 1.5
                }
            ]
        }
    ]
}