{
    "group": "RED Camera Resolutions",
    "items": [
        {
            "separator": true,
            "separator_name": "+ ----------- RED 5.5K - Anamorphic -------------- +",
            "items": [
                {
                    "resolution_name": "3296 x 2700 | RED 5K Ana 1.3x",
                    "width": 3296,
                    "height": 2700,
                    "storage_aspect_ratio": 1.2207407,
                    "display_aspect_ratio": 1.586963,
                    "pixel_aspect_ratio": 1.3,
                    "aspect_ratio": 1.586963
                },
                {
                    "resolution_name": "5376 x 3024 | RED 5.5K 16:9 Ana 1.3x",
                    "width": 5376,
                    "height": 3024,
                    "storage_aspect_ratio": 1.7777778,
                    "display_aspect_ratio": 2.3111111,
                    "pixel_aspect_ratio": 1.3,
                    "aspect_ratio": 2.3111111
                },
                {
                    "resolution_name": "5632 x 704 | RED 5.5K 8:1 Ana 1.3x",
                    "width": 5632,
                    "height": 704,
                    "storage_aspect_ratio": 8.0,
                    "display_aspect_ratio": 10.4,
                    "pixel_aspect_ratio": 1.3,
                    "aspect_ratio": 10.4
                },
                {
                    "resolution_name": "5632 x 1408 | RED 5.5K 4:1 Ana 1.3x",
                    "width": 5632,
                    "height": 1408,
                    "storage_aspect_ratio": 4.0,
                    "display_aspect_ratio": 5.2,
                    "pixel_aspect_ratio": 1.3,
                    "aspect_ratio": 5.2
                },
                {
                    "resolution_name": "5632 x 2376 | RED 5.5K 2.37 WS Ana 1.3x",
                    "width": 5632,
                    "height": 2376,
                    "storage_aspect_ratio": 2.3703704,
                    "display_aspect_ratio": 3.0814815,
                    "pixel_aspect_ratio": 1.3,
                    "aspect_ratio": 3.0814815
                },
                {
                    "resolution_name": "5632 x 2816 | RED 5.5K 2:1 Ana 1.3x",
                    "width": 5632,
                    "height": 2816,
                    "storage_aspect_ratio": 2.0,
                    "display_aspect_ratio": 2.6,
                    "pixel_aspect_ratio": 1.3,
                    "aspect_ratio": 2.6
                },
                {
                    "resolution_name": "5632 x 2948 | RED 5.5K Full Ana 1.3x",
                    "width": 5632,
                    "height": 2948,
                    "storage_aspect_ratio": 1.9104478,
                    "display_aspect_ratio": 2.4835821,
                    "pixel_aspect_ratio": 1.3,
                    "aspect_ratio": 2.4835821
                },
                {
                    "resolution_name": "3296 x 2700 | RED 5K Ana 2.0x",
                    "width": 3296,
                    "height": 2700,
                    "storage_aspect_ratio": 1.2207407,
                    "display_aspect_ratio": 2.4414815,
                    "pixel_aspect_ratio": 2.0,
                    "aspect_ratio": 2.4414815
                },
                {
                    "resolution_name": "5376 x 3024 | RED 5.5K 16:9 Ana 2.0x",
                    "width": 5376,
                    "height": 3024,
                    "storage_aspect_ratio": 1.7777778,
                    "display_aspect_ratio": 3.5555556,
                    "pixel_aspect_ratio": 2.0,
                    "aspect_ratio": 3.5555556
                },
                {
                    "resolution_name": "5632 x 704 | RED 5.5K 8:1 Ana 2.0x",
                    "width": 5632,
                    "height": 704,
                    "storage_aspect_ratio": 8.0,
                    "display_aspect_ratio": 16.0,
                    "pixel_aspect_ratio": 2.0,
                    "aspect_ratio": 16.0
                },
                {
                    "resolution_name": "5632 x 1408 | RED 5.5K 4:1 Ana 2.0x",
                    "width": 5632,
                    "height": 1408,
                    "storage_aspect_ratio": 4.0,
                    "display_aspect_ratio": 8.0,
                    "pixel_aspect_ratio": 2.0,
                    "aspect_ratio": 8.0
                },
                {
                    "resolution_name": "5632 x 2376 | RED 5.5K 2.37 WS Ana 2.0x",
                    "width": 5632,
                    "height": 2376,
                    "storage_aspect_ratio": 2.3703704,
                    "display_aspect_ratio": 4.7407407,
                    "pixel_aspect_ratio": 2.0,
                    "aspect_ratio": 4.7407407
                },
                {
                    "resolution_name": "5632 x 2816 | RED 5.5K 2:1 Ana 2.0x",
                    "width": 5632,
                    "height": 2816,
                    "storage_aspect_ratio": 2.0,
                    "display_aspect_ratio": 4.0,
                    "pixel_aspect_ratio": 2.0,
                    "aspect_ratio": 4.0
                },
                {
                    "resolution_name": "5632 x 2948 | RED 5.5K Full Ana 2.0x",
                    "width": 5632,
                    "height": 2948,
                    "storage_aspect_ratio": 1.9104478,
                    "display_aspect_ratio": 3.8208955,
                    "pixel_aspect_ratio": 2.0,
                    "aspect_ratio": 3.8208955
                }
            ]
        }
    ]
}