{
    "group": "RED Camera Resolutions",
    "items": [
        {
            "separator": true,
            "separator_name": "+ ----------- RED 2.5K - Spherical --------------- +",
            "items": [
                {
                    "resolution_name": "2304 x 1296 | RED 2.5K 16:9",
                    "width": 2304,
                    "height": 1296,
                    "storage_aspect_ratio": 1.7777778,
                    "display_aspect_ratio": 1.7777778,
                    "pixel_aspect_ratio": 1.0,
                    "aspect_ratio": 1.7777778
                },
                {
                    "resolution_name": "2400 x 1600 | RED 2.5K 3:2",
                    "width": 2400,
                    "height": 1600,
                    "storage_aspect_ratio": 1.5,
                    "display_aspect_ratio": 1.5,
                    "pixel_aspect_ratio": 1.0,
                    "aspect_ratio": 1.5
                },
                {
                    "resolution_name": "2400 x 1800 | RED 2.5K 4:3",
                    "width": 2400,
                    "height": 1800,
                    "storage_aspect_ratio": 1.3333333,
                    "display_aspect_ratio": 1.3333333,
                    "pixel_aspect_ratio": 1.0,
                    "aspect_ratio": 1.3333333
                },
                {
                    "resolution_name": "2400 x 1920 | RED 2.5K 5:4",
                    "width": 2400,
                    "height": 1920,
                    "storage_aspect_ratio": 1.25,
                    "display_aspect_ratio": 1.25,
                    "pixel_aspect_ratio": 1.0,
                    "aspect_ratio": 1.25
                },
                {
                    "resolution_name": "2560 x 320 | RED 2.5K 8:1",
                    "width": 2560,
                    "height": 320,
                    "storage_aspect_ratio": 8.0,
                    "display_aspect_ratio": 8.0,
                    "pixel_aspect_ratio": 1.0,
                    "aspect_ratio": 8.0
                },
                {
                    "resolution_name": "2560 x 640 | RED 2.5K 4:1",
                    "width": 2560,
                    "height": 640,
                    "storage_aspect_ratio": 4.0,
                    "display_aspect_ratio": 4.0,
                    "pixel_aspect_ratio": 1.0,
                    "aspect_ratio": 4.0
                },
                {
                    "resolution_name": "2560 x 1080 | RED 2.5K 2.37 WS",
                    "width": 2560,
                    "height": 1080,
                    "storage_aspect_ratio": 2.3703704,
                    "display_aspect_ratio": 2.3703704,
                    "pixel_aspect_ratio": 1.0,
                    "aspect_ratio": 2.3703704
                },
                {
                    "resolution_name": "2560 x 1280 | RED 2.5K 2:1",
                    "width": 2560,
                    "height": 1280,
                    "storage_aspect_ratio": 2.0,
                    "display_aspect_ratio": 2.0,
                    "pixel_aspect_ratio": 1.0,
                    "aspect_ratio": 2.0
                },
                {
                    "resolution_name": "2560 x 1340 | RED 2.5K Full",
                    "width": 2560,
                    "height": 1340,
                    "storage_aspect_ratio": 1.9104478,
                    "display_aspect_ratio": 1.9104478,
                    "pixel_aspect_ratio": 1.0,
                    "aspect_ratio": 1.9104478
                }
            ]
        }
    ]
}