{
    "group": "Digital Cinema Package",
    "items": [
        {
            "separator": true,
            "separator_name": "+ ----------- DCP Resolutions -------------------- +",
            "items": [
                {
                    "resolution_name": "1998 x 1080 | DCP 2K Flat 1.85",
                    "width": 1998,
                    "height": 1080,
                    "storage_aspect_ratio": 1.85,
                    "display_aspect_ratio": 1.85,
                    "pixel_aspect_ratio": 1.0,
                    "aspect_ratio": 1.85
                },
                {
                    "resolution_name": "2048 x 858 | DCP 2K Scope 2.39",
                    "width": 2048,
                    "height": 858,
                    "storage_aspect_ratio": 2.3869464,
                    "display_aspect_ratio": 2.3869464,
                    "pixel_aspect_ratio": 1.0,
                    "aspect_ratio": 2.3869464
                },
                {
                    "resolution_name": "2048 x 1080 | DCP 2K Full 1.90",
                    "width": 2048,
                    "height": 1080,
                    "storage_aspect_ratio": 1.8962963,
                    "display_aspect_ratio": 1.8962963,
                    "pixel_aspect_ratio": 1.0,
                    "aspect_ratio": 1.8962963
                },
                {
                    "resolution_name": "3996 x 2160 | DCP 4K Flat 1.85",
                    "width": 3996,
                    "height": 2160,
                    "storage_aspect_ratio": 1.85,
                    "display_aspect_ratio": 1.85,
                    "pixel_aspect_ratio": 1.0,
                    "aspect_ratio": 1.85
                },
                {
                    "resolution_name": "4096 x 1716 | DCP 4K Scope 2.39",
                    "width": 4096,
                    "height": 1716,
                    "storage_aspect_ratio": 2.3869464,
                    "display_aspect_ratio": 2.3869464,
                    "pixel_aspect_ratio": 1.0,
                    "aspect_ratio": 2.3869464
                },
                {
                    "resolution_name": "4096 x 2160 | DCP 4K Full 1.90",
                    "width": 4096,
                    "height": 2160,
                    "storage_aspect_ratio": 1.8962963,
                    "display_aspect_ratio": 1.8962963,
                    "pixel_aspect_ratio": 1.0,
                    "aspect_ratio": 1.8962963
                }
            ]
        }
    ]
}