{
    "item_00": {
        "object_name": "referência_library",
        "process_type": "create_or_validate_library",
        "parent_object": "the_current_workspace",
        "display_name": "'referência'",
        "object_type": "library",
        "object_color": "object_colors.get(\"Dark Orange\")",
        "children": {
            "item_01": {
                "object_name": "imagens_de_referência_folder",
                "process_type": "create_or_validate_object",
                "parent_object": "referência_library",
                "display_name": "'imagens_de_referência'",
                "object_type": "folder",
                "object_color": ""
            },
            "item_02": {
                "object_name": "filmes_de_referência_folder",
                "process_type": "create_or_validate_object",
                "parent_object": "referência_library",
                "display_name": "'filmes_de_referência'",
                "object_type": "folder",
                "object_color": ""
            },
            "item_03": {
                "object_name": "guia_de_estilo_de_referência_folder",
                "process_type": "create_or_validate_object",
                "parent_object": "referência_library",
                "display_name": "'guia_de_estilo_de_referência'",
                "object_type": "folder",
                "object_color": ""
            },
            "item_04": {
                "object_name": "todays_referência_folder",
                "process_type": "create_or_validate_object",
                "parent_object": "referência_library",
                "display_name": "today_date + '-referência'",
                "object_type": "folder",
                "object_color": ""
            }
        }
    }
}