{
    "item_00": {
        "object_name": "desktops_library",
        "process_type": "create_or_validate_library",
        "parent_object": "the_current_workspace",
        "display_name": "'desktops'",
        "object_type": "library",
        "object_color": "object_colors.get(\"Dark Red\")",
        "children": {
            "item_01": {
                "object_name": "common_folder",
                "process_type": "create_or_validate_object",
                "parent_object": "desktops_library",
                "display_name": "'common'",
                "object_type": "folder",
                "object_color": ""
            }
        }
    }
}