{
    "item_00": {
        "object_name": "shots_library",
        "process_type": "create_or_validate_library",
        "parent_object": "the_current_workspace",
        "display_name": "'shots'",
        "object_type": "library",
        "object_color": "object_colors.get(\"Dark Purple\")",
        "children": {
            "item_01": {
                "object_name": "batch_groups_folder",
                "process_type": "create_or_validate_object",
                "parent_object": "shots_library",
                "display_name": "'batch_groups'",
                "object_type": "folder",
                "object_color": "object_colors.get(\"Purple\")"
            }
        }
    }
}