{
    "item_00": {
        "object_name": "editorial_library",
        "process_type": "create_or_validate_library",
        "parent_object": "the_current_workspace",
        "display_name": "'editorial'",
        "object_type": "library",
        "object_color": "object_colors.get(\"Dark Gold\")",
        "children": {
            "item_01": {
                "object_name": "conforms_folder",
                "process_type": "create_or_validate_object",
                "parent_object": "editorial_library",
                "display_name": "'conforms'",
                "object_type": "folder",
                "object_color": ""
            },
            "item_02": {
                "object_name": "trabalho_em_andamento_folder",
                "process_type": "create_or_validate_object",
                "parent_object": "editorial_library",
                "display_name": "'trabalho_em_andamento'",
                "object_type": "folder",
                "object_color": ""
            },
            "item_03": {
                "object_name": "postagens_folder",
                "process_type": "create_or_validate_object",
                "parent_object": "trabalho_em_andamento_folder",
                "display_name": "'postagens'",
                "object_type": "folder",
                "object_color": ""
            }
        }
    }
}