{
    "object_colors": {
        "Red": [0.376, 0.047, 0.047],
        "Green": [0.114, 0.263, 0.176],
        "Bright Green": [0.102, 0.502, 0.208],
        "Blue": [0.188, 0.263, 0.4],
        "Light Blue": [0.263, 0.408, 0.502],
        "Purple": [0.388, 0.318, 0.541],
        "Orange": [0.6, 0.345, 0.165],
        "Gold": [0.478, 0.478, 0.271],
        "Yellow": [0.784, 0.784, 0.196],
        "Light Grey": [0.706, 0.706, 0.706],
        "Black": [0.0, 0.0, 0.0],
        "Dark Red": [0.188, 0.023, 0.023],
        "Dark Green": [0.057, 0.131, 0.088],
        "Dark Blue": [0.094, 0.131, 0.2],
        "Dark Purple": [0.194, 0.159, 0.27],
        "Dark Orange": [0.3, 0.172, 0.082],
        "Dark Gold": [0.239, 0.239, 0.135],
        "Grey02": [0.928, 0.928, 0.928],
        "Grey03": [0.857, 0.857, 0.857],
        "Grey04": [0.786, 0.786, 0.786],
        "Grey05": [0.714, 0.714, 0.714],
        "Grey06": [0.643, 0.643, 0.643],
        "Grey07": [0.571, 0.571, 0.571],
        "Grey08": [0.5, 0.5, 0.5],
        "Grey09": [0.417, 0.417, 0.417],
        "Grey10": [0.333, 0.333, 0.333],
        "Grey11": [0.25, 0.25, 0.25],
        "Grey12": [0.167, 0.167, 0.167],
        "Grey13": [0.083, 0.083, 0.083]
    }
}
