{
    "item_00": {
        "object_name": "",
        "process_type": "",
        "parent_object": "",
        "display_name": "",
        "object_type": "",
        "object_color": "",
        "link": "False",
        "dir_name": "docs",
        "filesystem_type": "folder",
        "flame_type": "",
        "parent_dir": "/{projekts_dir}/{projekt_dir}",
        "path": "/{projekts_dir}/{projekt_dir}/docs",
        "bookmark_name": "",
        "bookmark_type": "",
        "bookmark_parent": "",
        "bookmark_visibility": "",
        "children": {
            "item_01": {
                "object_name": "",
                "process_type": "",
                "parent_object": "",
                "display_name": "",
                "object_type": "",
                "object_color": "",
                "link": "False",
                "dir_name": "agreements",
                "filesystem_type": "folder",
                "flame_type": "",
                "parent_dir": "/{projekts_dir}/{projekt_dir}/docs",
                "path": "/{projekts_dir}/{projekt_dir}/docs/agreements",
                "bookmark_name": "",
                "bookmark_type": "",
                "bookmark_parent": "",
                "bookmark_visibility": "",
                "children": {
                    "item_02": {
                        "object_name": "",
                        "process_type": "",
                        "parent_object": "",
                        "display_name": "",
                        "object_type": "",
                        "object_color": "",
                        "link": "False",
                        "dir_name": "employment",
                        "filesystem_type": "folder",
                        "flame_type": "",
                        "parent_dir": "/{projekts_dir}/{projekt_dir}/docs/agreements",
                        "path": "/{projekts_dir}/{projekt_dir}/docs/agreements/employment",
                        "bookmark_name": "",
                        "bookmark_type": "",
                        "bookmark_parent": "",
                        "bookmark_visibility": ""
                    },
                    "item_03": {
                        "object_name": "",
                        "process_type": "",
                        "parent_object": "",
                        "display_name": "",
                        "object_type": "",
                        "object_color": "",
                        "link": "False",
                        "dir_name": "memoranda_of_understanding",
                        "filesystem_type": "folder",
                        "flame_type": "",
                        "parent_dir": "/{projekts_dir}/{projekt_dir}/docs/agreements",
                        "path": "/{projekts_dir}/{projekt_dir}/docs/agreements/memoranda_of_understanding",
                        "bookmark_name": "",
                        "bookmark_type": "",
                        "bookmark_parent": "",
                        "bookmark_visibility": ""
                    },
                    "item_04": {
                        "object_name": "",
                        "process_type": "",
                        "parent_object": "",
                        "display_name": "",
                        "object_type": "",
                        "object_color": "",
                        "link": "False",
                        "dir_name": "non_disclosure",
                        "filesystem_type": "folder",
                        "flame_type": "",
                        "parent_dir": "/{projekts_dir}/{projekt_dir}/docs/agreements",
                        "path": "/{projekts_dir}/{projekt_dir}/docs/agreements/non_disclosure",
                        "bookmark_name": "",
                        "bookmark_type": "",
                        "bookmark_parent": "",
                        "bookmark_visibility": ""
                    },
                    "item_05": {
                        "object_name": "",
                        "process_type": "",
                        "parent_object": "",
                        "display_name": "",
                        "object_type": "",
                        "object_color": "",
                        "link": "False",
                        "dir_name": "service",
                        "filesystem_type": "folder",
                        "flame_type": "",
                        "parent_dir": "/{projekts_dir}/{projekt_dir}/docs/agreements",
                        "path": "/{projekts_dir}/{projekt_dir}/docs/agreements/service",
                        "bookmark_name": "",
                        "bookmark_type": "",
                        "bookmark_parent": "",
                        "bookmark_visibility": ""
                    }
                }
            },
            "item_06": {
                "object_name": "",
                "process_type": "",
                "parent_object": "",
                "display_name": "",
                "object_type": "",
                "object_color": "",
                "link": "False",
                "dir_name": "briefs",
                "filesystem_type": "folder",
                "flame_type": "",
                "parent_dir": "/{projekts_dir}/{projekt_dir}/docs",
                "path": "/{projekts_dir}/{projekt_dir}/docs/briefs",
                "bookmark_name": "",
                "bookmark_type": "",
                "bookmark_parent": "",
                "bookmark_visibility": "",
                "children": {
                    "item_07": {
                        "object_name": "",
                        "process_type": "",
                        "parent_object": "",
                        "display_name": "",
                        "object_type": "",
                        "object_color": "",
                        "link": "False",
                        "dir_name": "design_briefs",
                        "filesystem_type": "folder",
                        "flame_type": "",
                        "parent_dir": "/{projekts_dir}/{projekt_dir}/docs/briefs",
                        "path": "/{projekts_dir}/{projekt_dir}/docs/briefs/design_briefs",
                        "bookmark_name": "",
                        "bookmark_type": "",
                        "bookmark_parent": "",
                        "bookmark_visibility": ""
                    },
                    "item_08": {
                        "object_name": "",
                        "process_type": "",
                        "parent_object": "",
                        "display_name": "",
                        "object_type": "",
                        "object_color": "",
                        "link": "False",
                        "dir_name": "marketing_briefs",
                        "filesystem_type": "folder",
                        "flame_type": "",
                        "parent_dir": "/{projekts_dir}/{projekt_dir}/docs/briefs",
                        "path": "/{projekts_dir}/{projekt_dir}/docs/briefs/marketing_briefs",
                        "bookmark_name": "",
                        "bookmark_type": "",
                        "bookmark_parent": "",
                        "bookmark_visibility": ""
                    },
                    "item_09": {
                        "object_name": "",
                        "process_type": "",
                        "parent_object": "",
                        "display_name": "",
                        "object_type": "",
                        "object_color": "",
                        "link": "False",
                        "dir_name": "projekt_briefs",
                        "filesystem_type": "folder",
                        "flame_type": "",
                        "parent_dir": "/{projekts_dir}/{projekt_dir}/docs/briefs",
                        "path": "/{projekts_dir}/{projekt_dir}/docs/briefs/projekt_briefs",
                        "bookmark_name": "",
                        "bookmark_type": "",
                        "bookmark_parent": "",
                        "bookmark_visibility": ""
                    }
                }
            },
            "item_10": {
                "object_name": "",
                "process_type": "",
                "parent_object": "",
                "display_name": "",
                "object_type": "",
                "object_color": "",
                "link": "False",
                "dir_name": "contracts",
                "filesystem_type": "folder",
                "flame_type": "",
                "parent_dir": "/{projekts_dir}/{projekt_dir}/docs",
                "path": "/{projekts_dir}/{projekt_dir}/docs/contracts",
                "bookmark_name": "",
                "bookmark_type": "",
                "bookmark_parent": "",
                "bookmark_visibility": "",
                "children": {
                    "item_11": {
                        "object_name": "",
                        "process_type": "",
                        "parent_object": "",
                        "display_name": "",
                        "object_type": "",
                        "object_color": "",
                        "link": "False",
                        "dir_name": "client_contracts",
                        "filesystem_type": "folder",
                        "flame_type": "",
                        "parent_dir": "/{projekts_dir}/{projekt_dir}/docs/contracts",
                        "path": "/{projekts_dir}/{projekt_dir}/docs/contracts/client_contracts",
                        "bookmark_name": "",
                        "bookmark_type": "",
                        "bookmark_parent": "",
                        "bookmark_visibility": ""
                    },
                    "item_12": {
                        "object_name": "",
                        "process_type": "",
                        "parent_object": "",
                        "display_name": "",
                        "object_type": "",
                        "object_color": "",
                        "link": "False",
                        "dir_name": "lease_contracts",
                        "filesystem_type": "folder",
                        "flame_type": "",
                        "parent_dir": "/{projekts_dir}/{projekt_dir}/docs/contracts",
                        "path": "/{projekts_dir}/{projekt_dir}/docs/contracts/lease_contracts",
                        "bookmark_name": "",
                        "bookmark_type": "",
                        "bookmark_parent": "",
                        "bookmark_visibility": ""
                    },
                    "item_13": {
                        "object_name": "",
                        "process_type": "",
                        "parent_object": "",
                        "display_name": "",
                        "object_type": "",
                        "object_color": "",
                        "link": "False",
                        "dir_name": "vendor_contracts",
                        "filesystem_type": "folder",
                        "flame_type": "",
                        "parent_dir": "/{projekts_dir}/{projekt_dir}/docs/contracts",
                        "path": "/{projekts_dir}/{projekt_dir}/docs/contracts/vendor_contracts",
                        "bookmark_name": "",
                        "bookmark_type": "",
                        "bookmark_parent": "",
                        "bookmark_visibility": ""
                    }
                }
            },
            "item_14": {
                "object_name": "",
                "process_type": "",
                "parent_object": "",
                "display_name": "",
                "object_type": "",
                "object_color": "",
                "link": "False",
                "dir_name": "designs",
                "filesystem_type": "folder",
                "flame_type": "",
                "parent_dir": "/{projekts_dir}/{projekt_dir}/docs",
                "path": "/{projekts_dir}/{projekt_dir}/docs/designs",
                "bookmark_name": "",
                "bookmark_type": "",
                "bookmark_parent": "",
                "bookmark_visibility": "",
                "children": {
                    "item_15": {
                        "object_name": "",
                        "process_type": "",
                        "parent_object": "",
                        "display_name": "",
                        "object_type": "",
                        "object_color": "",
                        "link": "False",
                        "dir_name": "mockups",
                        "filesystem_type": "folder",
                        "flame_type": "",
                        "parent_dir": "/{projekts_dir}/{projekt_dir}/docs/designs",
                        "path": "/{projekts_dir}/{projekt_dir}/docs/designs/mockups",
                        "bookmark_name": "",
                        "bookmark_type": "",
                        "bookmark_parent": "",
                        "bookmark_visibility": ""
                    },
                    "item_16": {
                        "object_name": "",
                        "process_type": "",
                        "parent_object": "",
                        "display_name": "",
                        "object_type": "",
                        "object_color": "",
                        "link": "False",
                        "dir_name": "specifications",
                        "filesystem_type": "folder",
                        "flame_type": "",
                        "parent_dir": "/{projekts_dir}/{projekt_dir}/docs/designs",
                        "path": "/{projekts_dir}/{projekt_dir}/docs/designs/specifications",
                        "bookmark_name": "",
                        "bookmark_type": "",
                        "bookmark_parent": "",
                        "bookmark_visibility": ""
                    },
                    "item_17": {
                        "object_name": "",
                        "process_type": "",
                        "parent_object": "",
                        "display_name": "",
                        "object_type": "",
                        "object_color": "",
                        "link": "False",
                        "dir_name": "wireframes",
                        "filesystem_type": "folder",
                        "flame_type": "",
                        "parent_dir": "/{projekts_dir}/{projekt_dir}/docs/designs",
                        "path": "/{projekts_dir}/{projekt_dir}/docs/designs/wireframes",
                        "bookmark_name": "",
                        "bookmark_type": "",
                        "bookmark_parent": "",
                        "bookmark_visibility": ""
                    }
                }
            },
            "item_18": {
                "object_name": "",
                "process_type": "",
                "parent_object": "",
                "display_name": "",
                "object_type": "",
                "object_color": "",
                "link": "False",
                "dir_name": "estimates",
                "filesystem_type": "folder",
                "flame_type": "",
                "parent_dir": "/{projekts_dir}/{projekt_dir}/docs",
                "path": "/{projekts_dir}/{projekt_dir}/docs/estimates",
                "bookmark_name": "",
                "bookmark_type": "",
                "bookmark_parent": "",
                "bookmark_visibility": "",
                "children": {
                    "item_19": {
                        "object_name": "",
                        "process_type": "",
                        "parent_object": "",
                        "display_name": "",
                        "object_type": "",
                        "object_color": "",
                        "link": "False",
                        "dir_name": "cost_estimates",
                        "filesystem_type": "folder",
                        "flame_type": "",
                        "parent_dir": "/{projekts_dir}/{projekt_dir}/docs/estimates",
                        "path": "/{projekts_dir}/{projekt_dir}/docs/estimates/cost_estimates",
                        "bookmark_name": "",
                        "bookmark_type": "",
                        "bookmark_parent": "",
                        "bookmark_visibility": ""
                    },
                    "item_20": {
                        "object_name": "",
                        "process_type": "",
                        "parent_object": "",
                        "display_name": "",
                        "object_type": "",
                        "object_color": "",
                        "link": "False",
                        "dir_name": "projekt_estimates",
                        "filesystem_type": "folder",
                        "flame_type": "",
                        "parent_dir": "/{projekts_dir}/{projekt_dir}/docs/estimates",
                        "path": "/{projekts_dir}/{projekt_dir}/docs/estimates/projekt_estimates",
                        "bookmark_name": "",
                        "bookmark_type": "",
                        "bookmark_parent": "",
                        "bookmark_visibility": ""
                    },
                    "item_21": {
                        "object_name": "",
                        "process_type": "",
                        "parent_object": "",
                        "display_name": "",
                        "object_type": "",
                        "object_color": "",
                        "link": "False",
                        "dir_name": "time_estimates",
                        "filesystem_type": "folder",
                        "flame_type": "",
                        "parent_dir": "/{projekts_dir}/{projekt_dir}/docs/estimates",
                        "path": "/{projekts_dir}/{projekt_dir}/docs/estimates/time_estimates",
                        "bookmark_name": "",
                        "bookmark_type": "",
                        "bookmark_parent": "",
                        "bookmark_visibility": ""
                    }
                }
            },
            "item_22": {
                "object_name": "",
                "process_type": "",
                "parent_object": "",
                "display_name": "",
                "object_type": "",
                "object_color": "",
                "link": "False",
                "dir_name": "financial",
                "filesystem_type": "folder",
                "flame_type": "",
                "parent_dir": "/{projekts_dir}/{projekt_dir}/docs",
                "path": "/{projekts_dir}/{projekt_dir}/docs/financial",
                "bookmark_name": "",
                "bookmark_type": "",
                "bookmark_parent": "",
                "bookmark_visibility": "",
                "children": {
                    "item_23": {
                        "object_name": "",
                        "process_type": "",
                        "parent_object": "",
                        "display_name": "",
                        "object_type": "",
                        "object_color": "",
                        "link": "False",
                        "dir_name": "budgets",
                        "filesystem_type": "folder",
                        "flame_type": "",
                        "parent_dir": "/{projekts_dir}/{projekt_dir}/docs/financial",
                        "path": "/{projekts_dir}/{projekt_dir}/docs/financial/budgets",
                        "bookmark_name": "",
                        "bookmark_type": "",
                        "bookmark_parent": "",
                        "bookmark_visibility": ""
                    },
                    "item_24": {
                        "object_name": "",
                        "process_type": "",
                        "parent_object": "",
                        "display_name": "",
                        "object_type": "",
                        "object_color": "",
                        "link": "False",
                        "dir_name": "invoices",
                        "filesystem_type": "folder",
                        "flame_type": "",
                        "parent_dir": "/{projekts_dir}/{projekt_dir}/docs/financial",
                        "path": "/{projekts_dir}/{projekt_dir}/docs/financial/invoices",
                        "bookmark_name": "",
                        "bookmark_type": "",
                        "bookmark_parent": "",
                        "bookmark_visibility": ""
                    },
                    "item_25": {
                        "object_name": "",
                        "process_type": "",
                        "parent_object": "",
                        "display_name": "",
                        "object_type": "",
                        "object_color": "",
                        "link": "False",
                        "dir_name": "reports",
                        "filesystem_type": "folder",
                        "flame_type": "",
                        "parent_dir": "/{projekts_dir}/{projekt_dir}/docs/financial",
                        "path": "/{projekts_dir}/{projekt_dir}/docs/financial/reports",
                        "bookmark_name": "",
                        "bookmark_type": "",
                        "bookmark_parent": "",
                        "bookmark_visibility": ""
                    },
                    "item_26": {
                        "object_name": "",
                        "process_type": "",
                        "parent_object": "",
                        "display_name": "",
                        "object_type": "",
                        "object_color": "",
                        "link": "False",
                        "dir_name": "statements",
                        "filesystem_type": "folder",
                        "flame_type": "",
                        "parent_dir": "/{projekts_dir}/{projekt_dir}/docs/financial",
                        "path": "/{projekts_dir}/{projekt_dir}/docs/financial/statements",
                        "bookmark_name": "",
                        "bookmark_type": "",
                        "bookmark_parent": "",
                        "bookmark_visibility": ""
                    }
                }
            },
            "item_27": {
                "object_name": "",
                "process_type": "",
                "parent_object": "",
                "display_name": "",
                "object_type": "",
                "object_color": "",
                "link": "False",
                "dir_name": "guidelines",
                "filesystem_type": "folder",
                "flame_type": "",
                "parent_dir": "/{projekts_dir}/{projekt_dir}/docs",
                "path": "/{projekts_dir}/{projekt_dir}/docs/guidelines",
                "bookmark_name": "",
                "bookmark_type": "",
                "bookmark_parent": "",
                "bookmark_visibility": "",
                "children": {
                    "item_28": {
                        "object_name": "",
                        "process_type": "",
                        "parent_object": "",
                        "display_name": "",
                        "object_type": "",
                        "object_color": "",
                        "link": "False",
                        "dir_name": "branding",
                        "filesystem_type": "folder",
                        "flame_type": "",
                        "parent_dir": "/{projekts_dir}/{projekt_dir}/docs/guidelines",
                        "path": "/{projekts_dir}/{projekt_dir}/docs/guidelines/branding",
                        "bookmark_name": "",
                        "bookmark_type": "",
                        "bookmark_parent": "",
                        "bookmark_visibility": ""
                    },
                    "item_29": {
                        "object_name": "",
                        "process_type": "",
                        "parent_object": "",
                        "display_name": "",
                        "object_type": "",
                        "object_color": "",
                        "link": "False",
                        "dir_name": "compliance",
                        "filesystem_type": "folder",
                        "flame_type": "",
                        "parent_dir": "/{projekts_dir}/{projekt_dir}/docs/guidelines",
                        "path": "/{projekts_dir}/{projekt_dir}/docs/guidelines/compliance",
                        "bookmark_name": "",
                        "bookmark_type": "",
                        "bookmark_parent": "",
                        "bookmark_visibility": ""
                    },
                    "item_30": {
                        "object_name": "",
                        "process_type": "",
                        "parent_object": "",
                        "display_name": "",
                        "object_type": "",
                        "object_color": "",
                        "link": "False",
                        "dir_name": "localization",
                        "filesystem_type": "folder",
                        "flame_type": "",
                        "parent_dir": "/{projekts_dir}/{projekt_dir}/docs/guidelines",
                        "path": "/{projekts_dir}/{projekt_dir}/docs/guidelines/localization",
                        "bookmark_name": "",
                        "bookmark_type": "",
                        "bookmark_parent": "",
                        "bookmark_visibility": ""
                    },
                    "item_31": {
                        "object_name": "",
                        "process_type": "",
                        "parent_object": "",
                        "display_name": "",
                        "object_type": "",
                        "object_color": "",
                        "link": "False",
                        "dir_name": "styleguide",
                        "filesystem_type": "folder",
                        "flame_type": "",
                        "parent_dir": "/{projekts_dir}/{projekt_dir}/docs/guidelines",
                        "path": "/{projekts_dir}/{projekt_dir}/docs/guidelines/styleguide",
                        "bookmark_name": "",
                        "bookmark_type": "",
                        "bookmark_parent": "",
                        "bookmark_visibility": ""
                    }
                }
            },
            "item_32": {
                "object_name": "",
                "process_type": "",
                "parent_object": "",
                "display_name": "",
                "object_type": "",
                "object_color": "",
                "link": "False",
                "dir_name": "handbooks",
                "filesystem_type": "folder",
                "flame_type": "",
                "parent_dir": "/{projekts_dir}/{projekt_dir}/docs",
                "path": "/{projekts_dir}/{projekt_dir}/docs/handbooks",
                "bookmark_name": "",
                "bookmark_type": "",
                "bookmark_parent": "",
                "bookmark_visibility": "",
                "children": {
                    "item_33": {
                        "object_name": "",
                        "process_type": "",
                        "parent_object": "",
                        "display_name": "",
                        "object_type": "",
                        "object_color": "",
                        "link": "False",
                        "dir_name": "employee",
                        "filesystem_type": "folder",
                        "flame_type": "",
                        "parent_dir": "/{projekts_dir}/{projekt_dir}/docs/handbooks",
                        "path": "/{projekts_dir}/{projekt_dir}/docs/handbooks/employee",
                        "bookmark_name": "",
                        "bookmark_type": "",
                        "bookmark_parent": "",
                        "bookmark_visibility": ""
                    },
                    "item_34": {
                        "object_name": "",
                        "process_type": "",
                        "parent_object": "",
                        "display_name": "",
                        "object_type": "",
                        "object_color": "",
                        "link": "False",
                        "dir_name": "policy",
                        "filesystem_type": "folder",
                        "flame_type": "",
                        "parent_dir": "/{projekts_dir}/{projekt_dir}/docs/handbooks",
                        "path": "/{projekts_dir}/{projekt_dir}/docs/handbooks/policy",
                        "bookmark_name": "",
                        "bookmark_type": "",
                        "bookmark_parent": "",
                        "bookmark_visibility": ""
                    },
                    "item_35": {
                        "object_name": "",
                        "process_type": "",
                        "parent_object": "",
                        "display_name": "",
                        "object_type": "",
                        "object_color": "",
                        "link": "False",
                        "dir_name": "training",
                        "filesystem_type": "folder",
                        "flame_type": "",
                        "parent_dir": "/{projekts_dir}/{projekt_dir}/docs/handbooks",
                        "path": "/{projekts_dir}/{projekt_dir}/docs/handbooks/training",
                        "bookmark_name": "",
                        "bookmark_type": "",
                        "bookmark_parent": "",
                        "bookmark_visibility": ""
                    }
                }
            },
            "item_36": {
                "object_name": "",
                "process_type": "",
                "parent_object": "",
                "display_name": "",
                "object_type": "",
                "object_color": "",
                "link": "False",
                "dir_name": "invoices",
                "filesystem_type": "folder",
                "flame_type": "",
                "parent_dir": "/{projekts_dir}/{projekt_dir}/docs",
                "path": "/{projekts_dir}/{projekt_dir}/docs/invoices",
                "bookmark_name": "",
                "bookmark_type": "",
                "bookmark_parent": "",
                "bookmark_visibility": "",
                "children": {
                    "item_37": {
                        "object_name": "",
                        "process_type": "",
                        "parent_object": "",
                        "display_name": "",
                        "object_type": "",
                        "object_color": "",
                        "link": "False",
                        "dir_name": "client",
                        "filesystem_type": "folder",
                        "flame_type": "",
                        "parent_dir": "/{projekts_dir}/{projekt_dir}/docs/invoices",
                        "path": "/{projekts_dir}/{projekt_dir}/docs/invoices/client",
                        "bookmark_name": "",
                        "bookmark_type": "",
                        "bookmark_parent": "",
                        "bookmark_visibility": ""
                    },
                    "item_38": {
                        "object_name": "",
                        "process_type": "",
                        "parent_object": "",
                        "display_name": "",
                        "object_type": "",
                        "object_color": "",
                        "link": "False",
                        "dir_name": "paid",
                        "filesystem_type": "folder",
                        "flame_type": "",
                        "parent_dir": "/{projekts_dir}/{projekt_dir}/docs/invoices",
                        "path": "/{projekts_dir}/{projekt_dir}/docs/invoices/paid",
                        "bookmark_name": "",
                        "bookmark_type": "",
                        "bookmark_parent": "",
                        "bookmark_visibility": ""
                    },
                    "item_39": {
                        "object_name": "",
                        "process_type": "",
                        "parent_object": "",
                        "display_name": "",
                        "object_type": "",
                        "object_color": "",
                        "link": "False",
                        "dir_name": "unpaid",
                        "filesystem_type": "folder",
                        "flame_type": "",
                        "parent_dir": "/{projekts_dir}/{projekt_dir}/docs/invoices",
                        "path": "/{projekts_dir}/{projekt_dir}/docs/invoices/unpaid",
                        "bookmark_name": "",
                        "bookmark_type": "",
                        "bookmark_parent": "",
                        "bookmark_visibility": ""
                    },
                    "item_40": {
                        "object_name": "",
                        "process_type": "",
                        "parent_object": "",
                        "display_name": "",
                        "object_type": "",
                        "object_color": "",
                        "link": "False",
                        "dir_name": "vendor",
                        "filesystem_type": "folder",
                        "flame_type": "",
                        "parent_dir": "/{projekts_dir}/{projekt_dir}/docs/invoices",
                        "path": "/{projekts_dir}/{projekt_dir}/docs/invoices/vendor",
                        "bookmark_name": "",
                        "bookmark_type": "",
                        "bookmark_parent": "",
                        "bookmark_visibility": ""
                    }
                }
            },
            "item_41": {
                "object_name": "",
                "process_type": "",
                "parent_object": "",
                "display_name": "",
                "object_type": "",
                "object_color": "",
                "link": "False",
                "dir_name": "job_description",
                "filesystem_type": "folder",
                "flame_type": "",
                "parent_dir": "/{projekts_dir}/{projekt_dir}/docs",
                "path": "/{projekts_dir}/{projekt_dir}/docs/job_description",
                "bookmark_name": "",
                "bookmark_type": "",
                "bookmark_parent": "",
                "bookmark_visibility": "",
                "children": {
                    "item_42": {
                        "object_name": "",
                        "process_type": "",
                        "parent_object": "",
                        "display_name": "",
                        "object_type": "",
                        "object_color": "",
                        "link": "False",
                        "dir_name": "administrative_roles",
                        "filesystem_type": "folder",
                        "flame_type": "",
                        "parent_dir": "/{projekts_dir}/{projekt_dir}/docs/job_description",
                        "path": "/{projekts_dir}/{projekt_dir}/docs/job_description/administrative_roles",
                        "bookmark_name": "",
                        "bookmark_type": "",
                        "bookmark_parent": "",
                        "bookmark_visibility": ""
                    },
                    "item_43": {
                        "object_name": "",
                        "process_type": "",
                        "parent_object": "",
                        "display_name": "",
                        "object_type": "",
                        "object_color": "",
                        "link": "False",
                        "dir_name": "management_roles",
                        "filesystem_type": "folder",
                        "flame_type": "",
                        "parent_dir": "/{projekts_dir}/{projekt_dir}/docs/job_description",
                        "path": "/{projekts_dir}/{projekt_dir}/docs/job_description/management_roles",
                        "bookmark_name": "",
                        "bookmark_type": "",
                        "bookmark_parent": "",
                        "bookmark_visibility": ""
                    },
                    "item_44": {
                        "object_name": "",
                        "process_type": "",
                        "parent_object": "",
                        "display_name": "",
                        "object_type": "",
                        "object_color": "",
                        "link": "False",
                        "dir_name": "technical_roles",
                        "filesystem_type": "folder",
                        "flame_type": "",
                        "parent_dir": "/{projekts_dir}/{projekt_dir}/docs/job_description",
                        "path": "/{projekts_dir}/{projekt_dir}/docs/job_description/technical_roles",
                        "bookmark_name": "",
                        "bookmark_type": "",
                        "bookmark_parent": "",
                        "bookmark_visibility": ""
                    }
                }
            },
            "item_45": {
                "object_name": "",
                "process_type": "",
                "parent_object": "",
                "display_name": "",
                "object_type": "",
                "object_color": "",
                "link": "False",
                "dir_name": "knowledge_base",
                "filesystem_type": "folder",
                "flame_type": "",
                "parent_dir": "/{projekts_dir}/{projekt_dir}/docs",
                "path": "/{projekts_dir}/{projekt_dir}/docs/knowledge_base",
                "bookmark_name": "",
                "bookmark_type": "",
                "bookmark_parent": "",
                "bookmark_visibility": "",
                "children": {
                    "item_46": {
                        "object_name": "",
                        "process_type": "",
                        "parent_object": "",
                        "display_name": "",
                        "object_type": "",
                        "object_color": "",
                        "link": "False",
                        "dir_name": "faqs",
                        "filesystem_type": "folder",
                        "flame_type": "",
                        "parent_dir": "/{projekts_dir}/{projekt_dir}/docs/knowledge_base",
                        "path": "/{projekts_dir}/{projekt_dir}/docs/knowledge_base/faqs",
                        "bookmark_name": "",
                        "bookmark_type": "",
                        "bookmark_parent": "",
                        "bookmark_visibility": ""
                    },
                    "item_47": {
                        "object_name": "",
                        "process_type": "",
                        "parent_object": "",
                        "display_name": "",
                        "object_type": "",
                        "object_color": "",
                        "link": "False",
                        "dir_name": "how_to_guides",
                        "filesystem_type": "folder",
                        "flame_type": "",
                        "parent_dir": "/{projekts_dir}/{projekt_dir}/docs/knowledge_base",
                        "path": "/{projekts_dir}/{projekt_dir}/docs/knowledge_base/how_to_guides",
                        "bookmark_name": "",
                        "bookmark_type": "",
                        "bookmark_parent": "",
                        "bookmark_visibility": ""
                    },
                    "item_48": {
                        "object_name": "",
                        "process_type": "",
                        "parent_object": "",
                        "display_name": "",
                        "object_type": "",
                        "object_color": "",
                        "link": "False",
                        "dir_name": "troubleshooting",
                        "filesystem_type": "folder",
                        "flame_type": "",
                        "parent_dir": "/{projekts_dir}/{projekt_dir}/docs/knowledge_base",
                        "path": "/{projekts_dir}/{projekt_dir}/docs/knowledge_base/troubleshooting",
                        "bookmark_name": "",
                        "bookmark_type": "",
                        "bookmark_parent": "",
                        "bookmark_visibility": ""
                    }
                }
            },
            "item_49": {
                "object_name": "",
                "process_type": "",
                "parent_object": "",
                "display_name": "",
                "object_type": "",
                "object_color": "",
                "link": "False",
                "dir_name": "licenses",
                "filesystem_type": "folder",
                "flame_type": "",
                "parent_dir": "/{projekts_dir}/{projekt_dir}/docs",
                "path": "/{projekts_dir}/{projekt_dir}/docs/licenses",
                "bookmark_name": "",
                "bookmark_type": "",
                "bookmark_parent": "",
                "bookmark_visibility": "",
                "children": {
                    "item_50": {
                        "object_name": "",
                        "process_type": "",
                        "parent_object": "",
                        "display_name": "",
                        "object_type": "",
                        "object_color": "",
                        "link": "False",
                        "dir_name": "product_licenses",
                        "filesystem_type": "folder",
                        "flame_type": "",
                        "parent_dir": "/{projekts_dir}/{projekt_dir}/docs/licenses",
                        "path": "/{projekts_dir}/{projekt_dir}/docs/licenses/product_licenses",
                        "bookmark_name": "",
                        "bookmark_type": "",
                        "bookmark_parent": "",
                        "bookmark_visibility": ""
                    },
                    "item_51": {
                        "object_name": "",
                        "process_type": "",
                        "parent_object": "",
                        "display_name": "",
                        "object_type": "",
                        "object_color": "",
                        "link": "False",
                        "dir_name": "service_licenses",
                        "filesystem_type": "folder",
                        "flame_type": "",
                        "parent_dir": "/{projekts_dir}/{projekt_dir}/docs/licenses",
                        "path": "/{projekts_dir}/{projekt_dir}/docs/licenses/service_licenses",
                        "bookmark_name": "",
                        "bookmark_type": "",
                        "bookmark_parent": "",
                        "bookmark_visibility": ""
                    },
                    "item_52": {
                        "object_name": "",
                        "process_type": "",
                        "parent_object": "",
                        "display_name": "",
                        "object_type": "",
                        "object_color": "",
                        "link": "False",
                        "dir_name": "software_licenses",
                        "filesystem_type": "folder",
                        "flame_type": "",
                        "parent_dir": "/{projekts_dir}/{projekt_dir}/docs/licenses",
                        "path": "/{projekts_dir}/{projekt_dir}/docs/licenses/software_licenses",
                        "bookmark_name": "",
                        "bookmark_type": "",
                        "bookmark_parent": "",
                        "bookmark_visibility": ""
                    }
                }
            },
            "item_53": {
                "object_name": "",
                "process_type": "",
                "parent_object": "",
                "display_name": "",
                "object_type": "",
                "object_color": "",
                "link": "False",
                "dir_name": "memoranda",
                "filesystem_type": "folder",
                "flame_type": "",
                "parent_dir": "/{projekts_dir}/{projekt_dir}/docs",
                "path": "/{projekts_dir}/{projekt_dir}/docs/memoranda",
                "bookmark_name": "",
                "bookmark_type": "",
                "bookmark_parent": "",
                "bookmark_visibility": "",
                "children": {
                    "item_54": {
                        "object_name": "",
                        "process_type": "",
                        "parent_object": "",
                        "display_name": "",
                        "object_type": "",
                        "object_color": "",
                        "link": "False",
                        "dir_name": "external_memos",
                        "filesystem_type": "folder",
                        "flame_type": "",
                        "parent_dir": "/{projekts_dir}/{projekt_dir}/docs/memoranda",
                        "path": "/{projekts_dir}/{projekt_dir}/docs/memoranda/external_memos",
                        "bookmark_name": "",
                        "bookmark_type": "",
                        "bookmark_parent": "",
                        "bookmark_visibility": ""
                    },
                    "item_55": {
                        "object_name": "",
                        "process_type": "",
                        "parent_object": "",
                        "display_name": "",
                        "object_type": "",
                        "object_color": "",
                        "link": "False",
                        "dir_name": "internal_memos",
                        "filesystem_type": "folder",
                        "flame_type": "",
                        "parent_dir": "/{projekts_dir}/{projekt_dir}/docs/memoranda",
                        "path": "/{projekts_dir}/{projekt_dir}/docs/memoranda/internal_memos",
                        "bookmark_name": "",
                        "bookmark_type": "",
                        "bookmark_parent": "",
                        "bookmark_visibility": ""
                    },
                    "item_56": {
                        "object_name": "",
                        "process_type": "",
                        "parent_object": "",
                        "display_name": "",
                        "object_type": "",
                        "object_color": "",
                        "link": "False",
                        "dir_name": "meeting_memos",
                        "filesystem_type": "folder",
                        "flame_type": "",
                        "parent_dir": "/{projekts_dir}/{projekt_dir}/docs/memoranda",
                        "path": "/{projekts_dir}/{projekt_dir}/docs/memoranda/meeting_memos",
                        "bookmark_name": "",
                        "bookmark_type": "",
                        "bookmark_parent": "",
                        "bookmark_visibility": ""
                    }
                }
            },
            "item_57": {
                "object_name": "",
                "process_type": "",
                "parent_object": "",
                "display_name": "",
                "object_type": "",
                "object_color": "",
                "link": "False",
                "dir_name": "non_disclosure",
                "filesystem_type": "folder",
                "flame_type": "",
                "parent_dir": "/{projekts_dir}/{projekt_dir}/docs",
                "path": "/{projekts_dir}/{projekt_dir}/docs/non_disclosure",
                "bookmark_name": "",
                "bookmark_type": "",
                "bookmark_parent": "",
                "bookmark_visibility": "",
                "children": {
                    "item_58": {
                        "object_name": "",
                        "process_type": "",
                        "parent_object": "",
                        "display_name": "",
                        "object_type": "",
                        "object_color": "",
                        "link": "False",
                        "dir_name": "client_ndas",
                        "filesystem_type": "folder",
                        "flame_type": "",
                        "parent_dir": "/{projekts_dir}/{projekt_dir}/docs/non_disclosure",
                        "path": "/{projekts_dir}/{projekt_dir}/docs/non_disclosure/client_ndas",
                        "bookmark_name": "",
                        "bookmark_type": "",
                        "bookmark_parent": "",
                        "bookmark_visibility": ""
                    },
                    "item_59": {
                        "object_name": "",
                        "process_type": "",
                        "parent_object": "",
                        "display_name": "",
                        "object_type": "",
                        "object_color": "",
                        "link": "False",
                        "dir_name": "employee_ndas",
                        "filesystem_type": "folder",
                        "flame_type": "",
                        "parent_dir": "/{projekts_dir}/{projekt_dir}/docs/non_disclosure",
                        "path": "/{projekts_dir}/{projekt_dir}/docs/non_disclosure/employee_ndas",
                        "bookmark_name": "",
                        "bookmark_type": "",
                        "bookmark_parent": "",
                        "bookmark_visibility": ""
                    },
                    "item_60": {
                        "object_name": "",
                        "process_type": "",
                        "parent_object": "",
                        "display_name": "",
                        "object_type": "",
                        "object_color": "",
                        "link": "False",
                        "dir_name": "vendor_ndas",
                        "filesystem_type": "folder",
                        "flame_type": "",
                        "parent_dir": "/{projekts_dir}/{projekt_dir}/docs/non_disclosure",
                        "path": "/{projekts_dir}/{projekt_dir}/docs/non_disclosure/vendor_ndas",
                        "bookmark_name": "",
                        "bookmark_type": "",
                        "bookmark_parent": "",
                        "bookmark_visibility": ""
                    }
                }
            },
            "item_61": {
                "object_name": "",
                "process_type": "",
                "parent_object": "",
                "display_name": "",
                "object_type": "",
                "object_color": "",
                "link": "False",
                "dir_name": "org_charts",
                "filesystem_type": "folder",
                "flame_type": "",
                "parent_dir": "/{projekts_dir}/{projekt_dir}/docs",
                "path": "/{projekts_dir}/{projekt_dir}/docs/org_charts",
                "bookmark_name": "",
                "bookmark_type": "",
                "bookmark_parent": "",
                "bookmark_visibility": "",
                "children": {
                    "item_62": {
                        "object_name": "",
                        "process_type": "",
                        "parent_object": "",
                        "display_name": "",
                        "object_type": "",
                        "object_color": "",
                        "link": "False",
                        "dir_name": "company_charts",
                        "filesystem_type": "folder",
                        "flame_type": "",
                        "parent_dir": "/{projekts_dir}/{projekt_dir}/docs/org_charts",
                        "path": "/{projekts_dir}/{projekt_dir}/docs/org_charts/company_charts",
                        "bookmark_name": "",
                        "bookmark_type": "",
                        "bookmark_parent": "",
                        "bookmark_visibility": ""
                    },
                    "item_63": {
                        "object_name": "",
                        "process_type": "",
                        "parent_object": "",
                        "display_name": "",
                        "object_type": "",
                        "object_color": "",
                        "link": "False",
                        "dir_name": "department_charts",
                        "filesystem_type": "folder",
                        "flame_type": "",
                        "parent_dir": "/{projekts_dir}/{projekt_dir}/docs/org_charts",
                        "path": "/{projekts_dir}/{projekt_dir}/docs/org_charts/department_charts",
                        "bookmark_name": "",
                        "bookmark_type": "",
                        "bookmark_parent": "",
                        "bookmark_visibility": ""
                    },
                    "item_64": {
                        "object_name": "",
                        "process_type": "",
                        "parent_object": "",
                        "display_name": "",
                        "object_type": "",
                        "object_color": "",
                        "link": "False",
                        "dir_name": "team_charts",
                        "filesystem_type": "folder",
                        "flame_type": "",
                        "parent_dir": "/{projekts_dir}/{projekt_dir}/docs/org_charts",
                        "path": "/{projekts_dir}/{projekt_dir}/docs/org_charts/team_charts",
                        "bookmark_name": "",
                        "bookmark_type": "",
                        "bookmark_parent": "",
                        "bookmark_visibility": ""
                    }
                }
            },
            "item_65": {
                "object_name": "",
                "process_type": "",
                "parent_object": "",
                "display_name": "",
                "object_type": "",
                "object_color": "",
                "link": "False",
                "dir_name": "policies",
                "filesystem_type": "folder",
                "flame_type": "",
                "parent_dir": "/{projekts_dir}/{projekt_dir}/docs",
                "path": "/{projekts_dir}/{projekt_dir}/docs/policies",
                "bookmark_name": "",
                "bookmark_type": "",
                "bookmark_parent": "",
                "bookmark_visibility": "",
                "children": {
                    "item_66": {
                        "object_name": "",
                        "process_type": "",
                        "parent_object": "",
                        "display_name": "",
                        "object_type": "",
                        "object_color": "",
                        "link": "False",
                        "dir_name": "hr_policies",
                        "filesystem_type": "folder",
                        "flame_type": "",
                        "parent_dir": "/{projekts_dir}/{projekt_dir}/docs/policies",
                        "path": "/{projekts_dir}/{projekt_dir}/docs/policies/hr_policies",
                        "bookmark_name": "",
                        "bookmark_type": "",
                        "bookmark_parent": "",
                        "bookmark_visibility": ""
                    },
                    "item_67": {
                        "object_name": "",
                        "process_type": "",
                        "parent_object": "",
                        "display_name": "",
                        "object_type": "",
                        "object_color": "",
                        "link": "False",
                        "dir_name": "it_policies",
                        "filesystem_type": "folder",
                        "flame_type": "",
                        "parent_dir": "/{projekts_dir}/{projekt_dir}/docs/policies",
                        "path": "/{projekts_dir}/{projekt_dir}/docs/policies/it_policies",
                        "bookmark_name": "",
                        "bookmark_type": "",
                        "bookmark_parent": "",
                        "bookmark_visibility": ""
                    },
                    "item_68": {
                        "object_name": "",
                        "process_type": "",
                        "parent_object": "",
                        "display_name": "",
                        "object_type": "",
                        "object_color": "",
                        "link": "False",
                        "dir_name": "operational_policies",
                        "filesystem_type": "folder",
                        "flame_type": "",
                        "parent_dir": "/{projekts_dir}/{projekt_dir}/docs/policies",
                        "path": "/{projekts_dir}/{projekt_dir}/docs/policies/operational_policies",
                        "bookmark_name": "",
                        "bookmark_type": "",
                        "bookmark_parent": "",
                        "bookmark_visibility": ""
                    }
                }
            },
            "item_69": {
                "object_name": "",
                "process_type": "",
                "parent_object": "",
                "display_name": "",
                "object_type": "",
                "object_color": "",
                "link": "False",
                "dir_name": "quotations",
                "filesystem_type": "folder",
                "flame_type": "",
                "parent_dir": "/{projekts_dir}/{projekt_dir}/docs",
                "path": "/{projekts_dir}/{projekt_dir}/docs/quotations",
                "bookmark_name": "",
                "bookmark_type": "",
                "bookmark_parent": "",
                "bookmark_visibility": "",
                "children": {
                    "item_70": {
                        "object_name": "",
                        "process_type": "",
                        "parent_object": "",
                        "display_name": "",
                        "object_type": "",
                        "object_color": "",
                        "link": "False",
                        "dir_name": "client_quotations",
                        "filesystem_type": "folder",
                        "flame_type": "",
                        "parent_dir": "/{projekts_dir}/{projekt_dir}/docs/quotations",
                        "path": "/{projekts_dir}/{projekt_dir}/docs/quotations/client_quotations",
                        "bookmark_name": "",
                        "bookmark_type": "",
                        "bookmark_parent": "",
                        "bookmark_visibility": ""
                    },
                    "item_71": {
                        "object_name": "",
                        "process_type": "",
                        "parent_object": "",
                        "display_name": "",
                        "object_type": "",
                        "object_color": "",
                        "link": "False",
                        "dir_name": "service_quotations",
                        "filesystem_type": "folder",
                        "flame_type": "",
                        "parent_dir": "/{projekts_dir}/{projekt_dir}/docs/quotations",
                        "path": "/{projekts_dir}/{projekt_dir}/docs/quotations/service_quotations",
                        "bookmark_name": "",
                        "bookmark_type": "",
                        "bookmark_parent": "",
                        "bookmark_visibility": ""
                    },
                    "item_72": {
                        "object_name": "",
                        "process_type": "",
                        "parent_object": "",
                        "display_name": "",
                        "object_type": "",
                        "object_color": "",
                        "link": "False",
                        "dir_name": "vendor_quotations",
                        "filesystem_type": "folder",
                        "flame_type": "",
                        "parent_dir": "/{projekts_dir}/{projekt_dir}/docs/quotations",
                        "path": "/{projekts_dir}/{projekt_dir}/docs/quotations/vendor_quotations",
                        "bookmark_name": "",
                        "bookmark_type": "",
                        "bookmark_parent": "",
                        "bookmark_visibility": ""
                    }
                }
            },
            "item_73": {
                "object_name": "",
                "process_type": "",
                "parent_object": "",
                "display_name": "",
                "object_type": "",
                "object_color": "",
                "link": "False",
                "dir_name": "reports",
                "filesystem_type": "folder",
                "flame_type": "",
                "parent_dir": "/{projekts_dir}/{projekt_dir}/docs",
                "path": "/{projekts_dir}/{projekt_dir}/docs/reports",
                "bookmark_name": "",
                "bookmark_type": "",
                "bookmark_parent": "",
                "bookmark_visibility": "",
                "children": {
                    "item_74": {
                        "object_name": "",
                        "process_type": "",
                        "parent_object": "",
                        "display_name": "",
                        "object_type": "",
                        "object_color": "",
                        "link": "False",
                        "dir_name": "annual_reports",
                        "filesystem_type": "folder",
                        "flame_type": "",
                        "parent_dir": "/{projekts_dir}/{projekt_dir}/docs/reports",
                        "path": "/{projekts_dir}/{projekt_dir}/docs/reports/annual_reports",
                        "bookmark_name": "",
                        "bookmark_type": "",
                        "bookmark_parent": "",
                        "bookmark_visibility": ""
                    },
                    "item_75": {
                        "object_name": "",
                        "process_type": "",
                        "parent_object": "",
                        "display_name": "",
                        "object_type": "",
                        "object_color": "",
                        "link": "False",
                        "dir_name": "projekt_reports",
                        "filesystem_type": "folder",
                        "flame_type": "",
                        "parent_dir": "/{projekts_dir}/{projekt_dir}/docs/reports",
                        "path": "/{projekts_dir}/{projekt_dir}/docs/reports/projekt_reports",
                        "bookmark_name": "",
                        "bookmark_type": "",
                        "bookmark_parent": "",
                        "bookmark_visibility": ""
                    },
                    "item_76": {
                        "object_name": "",
                        "process_type": "",
                        "parent_object": "",
                        "display_name": "",
                        "object_type": "",
                        "object_color": "",
                        "link": "False",
                        "dir_name": "quarterly_reports",
                        "filesystem_type": "folder",
                        "flame_type": "",
                        "parent_dir": "/{projekts_dir}/{projekt_dir}/docs/reports",
                        "path": "/{projekts_dir}/{projekt_dir}/docs/reports/quarterly_reports",
                        "bookmark_name": "",
                        "bookmark_type": "",
                        "bookmark_parent": "",
                        "bookmark_visibility": ""
                    }
                }
            },
            "item_77": {
                "object_name": "",
                "process_type": "",
                "parent_object": "",
                "display_name": "",
                "object_type": "",
                "object_color": "",
                "link": "False",
                "dir_name": "schedules",
                "filesystem_type": "folder",
                "flame_type": "",
                "parent_dir": "/{projekts_dir}/{projekt_dir}/docs",
                "path": "/{projekts_dir}/{projekt_dir}/docs/schedules",
                "bookmark_name": "",
                "bookmark_type": "",
                "bookmark_parent": "",
                "bookmark_visibility": "",
                "children": {
                    "item_78": {
                        "object_name": "",
                        "process_type": "",
                        "parent_object": "",
                        "display_name": "",
                        "object_type": "",
                        "object_color": "",
                        "link": "False",
                        "dir_name": "meeting_schedules",
                        "filesystem_type": "folder",
                        "flame_type": "",
                        "parent_dir": "/{projekts_dir}/{projekt_dir}/docs/schedules",
                        "path": "/{projekts_dir}/{projekt_dir}/docs/schedules/meeting_schedules",
                        "bookmark_name": "",
                        "bookmark_type": "",
                        "bookmark_parent": "",
                        "bookmark_visibility": ""
                    },
                    "item_79": {
                        "object_name": "",
                        "process_type": "",
                        "parent_object": "",
                        "display_name": "",
                        "object_type": "",
                        "object_color": "",
                        "link": "False",
                        "dir_name": "projekt_schedules",
                        "filesystem_type": "folder",
                        "flame_type": "",
                        "parent_dir": "/{projekts_dir}/{projekt_dir}/docs/schedules",
                        "path": "/{projekts_dir}/{projekt_dir}/docs/schedules/projekt_schedules",
                        "bookmark_name": "",
                        "bookmark_type": "",
                        "bookmark_parent": "",
                        "bookmark_visibility": ""
                    },
                    "item_80": {
                        "object_name": "",
                        "process_type": "",
                        "parent_object": "",
                        "display_name": "",
                        "object_type": "",
                        "object_color": "",
                        "link": "False",
                        "dir_name": "training_schedules",
                        "filesystem_type": "folder",
                        "flame_type": "",
                        "parent_dir": "/{projekts_dir}/{projekt_dir}/docs/schedules",
                        "path": "/{projekts_dir}/{projekt_dir}/docs/schedules/training_schedules",
                        "bookmark_name": "",
                        "bookmark_type": "",
                        "bookmark_parent": "",
                        "bookmark_visibility": ""
                    }
                }
            },
            "item_81": {
                "object_name": "",
                "process_type": "",
                "parent_object": "",
                "display_name": "",
                "object_type": "",
                "object_color": "",
                "link": "False",
                "dir_name": "technical",
                "filesystem_type": "folder",
                "flame_type": "",
                "parent_dir": "/{projekts_dir}/{projekt_dir}/docs",
                "path": "/{projekts_dir}/{projekt_dir}/docs/technical",
                "bookmark_name": "",
                "bookmark_type": "",
                "bookmark_parent": "",
                "bookmark_visibility": "",
                "children": {
                    "item_82": {
                        "object_name": "",
                        "process_type": "",
                        "parent_object": "",
                        "display_name": "",
                        "object_type": "",
                        "object_color": "",
                        "link": "False",
                        "dir_name": "technical_manuals",
                        "filesystem_type": "folder",
                        "flame_type": "",
                        "parent_dir": "/{projekts_dir}/{projekt_dir}/docs/technical",
                        "path": "/{projekts_dir}/{projekt_dir}/docs/technical/technical_manuals",
                        "bookmark_name": "",
                        "bookmark_type": "",
                        "bookmark_parent": "",
                        "bookmark_visibility": ""
                    },
                    "item_83": {
                        "object_name": "",
                        "process_type": "",
                        "parent_object": "",
                        "display_name": "",
                        "object_type": "",
                        "object_color": "",
                        "link": "False",
                        "dir_name": "technical_reports",
                        "filesystem_type": "folder",
                        "flame_type": "",
                        "parent_dir": "/{projekts_dir}/{projekt_dir}/docs/technical",
                        "path": "/{projekts_dir}/{projekt_dir}/docs/technical/technical_reports",
                        "bookmark_name": "",
                        "bookmark_type": "",
                        "bookmark_parent": "",
                        "bookmark_visibility": ""
                    },
                    "item_84": {
                        "object_name": "",
                        "process_type": "",
                        "parent_object": "",
                        "display_name": "",
                        "object_type": "",
                        "object_color": "",
                        "link": "False",
                        "dir_name": "technical_specifications",
                        "filesystem_type": "folder",
                        "flame_type": "",
                        "parent_dir": "/{projekts_dir}/{projekt_dir}/docs/technical",
                        "path": "/{projekts_dir}/{projekt_dir}/docs/technical/technical_specifications",
                        "bookmark_name": "",
                        "bookmark_type": "",
                        "bookmark_parent": "",
                        "bookmark_visibility": ""
                    }
                }
            },
            "item_85": {
                "object_name": "",
                "process_type": "",
                "parent_object": "",
                "display_name": "",
                "object_type": "",
                "object_color": "",
                "link": "False",
                "dir_name": "user_guides",
                "filesystem_type": "folder",
                "flame_type": "",
                "parent_dir": "/{projekts_dir}/{projekt_dir}/docs",
                "path": "/{projekts_dir}/{projekt_dir}/docs/user_guides",
                "bookmark_name": "",
                "bookmark_type": "",
                "bookmark_parent": "",
                "bookmark_visibility": "",
                "children": {
                    "item_86": {
                        "object_name": "",
                        "process_type": "",
                        "parent_object": "",
                        "display_name": "",
                        "object_type": "",
                        "object_color": "",
                        "link": "False",
                        "dir_name": "product_user_guides",
                        "filesystem_type": "folder",
                        "flame_type": "",
                        "parent_dir": "/{projekts_dir}/{projekt_dir}/docs/user_guides",
                        "path": "/{projekts_dir}/{projekt_dir}/docs/user_guides/product_user_guides",
                        "bookmark_name": "",
                        "bookmark_type": "",
                        "bookmark_parent": "",
                        "bookmark_visibility": ""
                    },
                    "item_87": {
                        "object_name": "",
                        "process_type": "",
                        "parent_object": "",
                        "display_name": "",
                        "object_type": "",
                        "object_color": "",
                        "link": "False",
                        "dir_name": "service_user_guides",
                        "filesystem_type": "folder",
                        "flame_type": "",
                        "parent_dir": "/{projekts_dir}/{projekt_dir}/docs/user_guides",
                        "path": "/{projekts_dir}/{projekt_dir}/docs/user_guides/service_user_guides",
                        "bookmark_name": "",
                        "bookmark_type": "",
                        "bookmark_parent": "",
                        "bookmark_visibility": ""
                    },
                    "item_88": {
                        "object_name": "",
                        "process_type": "",
                        "parent_object": "",
                        "display_name": "",
                        "object_type": "",
                        "object_color": "",
                        "link": "False",
                        "dir_name": "software_user_guides",
                        "filesystem_type": "folder",
                        "flame_type": "",
                        "parent_dir": "/{projekts_dir}/{projekt_dir}/docs/user_guides",
                        "path": "/{projekts_dir}/{projekt_dir}/docs/user_guides/software_user_guides",
                        "bookmark_name": "",
                        "bookmark_type": "",
                        "bookmark_parent": "",
                        "bookmark_visibility": ""
                    }
                }
            },
            "item_89": {
                "object_name": "",
                "process_type": "",
                "parent_object": "",
                "display_name": "",
                "object_type": "",
                "object_color": "",
                "link": "False",
                "dir_name": "vendor_list",
                "filesystem_type": "folder",
                "flame_type": "",
                "parent_dir": "/{projekts_dir}/{projekt_dir}/docs",
                "path": "/{projekts_dir}/{projekt_dir}/docs/vendor_list",
                "bookmark_name": "",
                "bookmark_type": "",
                "bookmark_parent": "",
                "bookmark_visibility": "",
                "children": {
                    "item_90": {
                        "object_name": "",
                        "process_type": "",
                        "parent_object": "",
                        "display_name": "",
                        "object_type": "",
                        "object_color": "",
                        "link": "False",
                        "dir_name": "approved_vendors",
                        "filesystem_type": "folder",
                        "flame_type": "",
                        "parent_dir": "/{projekts_dir}/{projekt_dir}/docs/vendor_list",
                        "path": "/{projekts_dir}/{projekt_dir}/docs/vendor_list/approved_vendors",
                        "bookmark_name": "",
                        "bookmark_type": "",
                        "bookmark_parent": "",
                        "bookmark_visibility": ""
                    },
                    "item_91": {
                        "object_name": "",
                        "process_type": "",
                        "parent_object": "",
                        "display_name": "",
                        "object_type": "",
                        "object_color": "",
                        "link": "False",
                        "dir_name": "blacklisted_vendors",
                        "filesystem_type": "folder",
                        "flame_type": "",
                        "parent_dir": "/{projekts_dir}/{projekt_dir}/docs/vendor_list",
                        "path": "/{projekts_dir}/{projekt_dir}/docs/vendor_list/blacklisted_vendors",
                        "bookmark_name": "",
                        "bookmark_type": "",
                        "bookmark_parent": "",
                        "bookmark_visibility": ""
                    },
                    "item_92": {
                        "object_name": "",
                        "process_type": "",
                        "parent_object": "",
                        "display_name": "",
                        "object_type": "",
                        "object_color": "",
                        "link": "False",
                        "dir_name": "preferred_vendors",
                        "filesystem_type": "folder",
                        "flame_type": "",
                        "parent_dir": "/{projekts_dir}/{projekt_dir}/docs/vendor_list",
                        "path": "/{projekts_dir}/{projekt_dir}/docs/vendor_list/preferred_vendors",
                        "bookmark_name": "",
                        "bookmark_type": "",
                        "bookmark_parent": "",
                        "bookmark_visibility": ""
                    }
                }
            },
            "item_93": {
                "object_name": "",
                "process_type": "",
                "parent_object": "",
                "display_name": "",
                "object_type": "",
                "object_color": "",
                "link": "False",
                "dir_name": "workflows",
                "filesystem_type": "folder",
                "flame_type": "",
                "parent_dir": "/{projekts_dir}/{projekt_dir}/docs",
                "path": "/{projekts_dir}/{projekt_dir}/docs/workflows",
                "bookmark_name": "",
                "bookmark_type": "",
                "bookmark_parent": "",
                "bookmark_visibility": "",
                "children": {
                    "item_94": {
                        "object_name": "",
                        "process_type": "",
                        "parent_object": "",
                        "display_name": "",
                        "object_type": "",
                        "object_color": "",
                        "link": "False",
                        "dir_name": "approval_workflows",
                        "filesystem_type": "folder",
                        "flame_type": "",
                        "parent_dir": "/{projekts_dir}/{projekt_dir}/docs/workflows",
                        "path": "/{projekts_dir}/{projekt_dir}/docs/workflows/approval_workflows",
                        "bookmark_name": "",
                        "bookmark_type": "",
                        "bookmark_parent": "",
                        "bookmark_visibility": ""
                    },
                    "item_95": {
                        "object_name": "",
                        "process_type": "",
                        "parent_object": "",
                        "display_name": "",
                        "object_type": "",
                        "object_color": "",
                        "link": "False",
                        "dir_name": "operational_workflows",
                        "filesystem_type": "folder",
                        "flame_type": "",
                        "parent_dir": "/{projekts_dir}/{projekt_dir}/docs/workflows",
                        "path": "/{projekts_dir}/{projekt_dir}/docs/workflows/operational_workflows",
                        "bookmark_name": "",
                        "bookmark_type": "",
                        "bookmark_parent": "",
                        "bookmark_visibility": ""
                    },
                    "item_96": {
                        "object_name": "",
                        "process_type": "",
                        "parent_object": "",
                        "display_name": "",
                        "object_type": "",
                        "object_color": "",
                        "link": "False",
                        "dir_name": "process_workflows",
                        "filesystem_type": "folder",
                        "flame_type": "",
                        "parent_dir": "/{projekts_dir}/{projekt_dir}/docs/workflows",
                        "path": "/{projekts_dir}/{projekt_dir}/docs/workflows/process_workflows",
                        "bookmark_name": "",
                        "bookmark_type": "",
                        "bookmark_parent": "",
                        "bookmark_visibility": ""
                    }
                }
            },
            "item_97": {
                "object_name": "",
                "process_type": "",
                "parent_object": "",
                "display_name": "",
                "object_type": "",
                "object_color": "",
                "link": "False",
                "dir_name": "xml",
                "filesystem_type": "folder",
                "flame_type": "",
                "parent_dir": "/{projekts_dir}/{projekt_dir}/docs",
                "path": "/{projekts_dir}/{projekt_dir}/docs/xml",
                "bookmark_name": "",
                "bookmark_type": "",
                "bookmark_parent": "",
                "bookmark_visibility": "",
                "children": {
                    "item_98": {
                        "object_name": "",
                        "process_type": "",
                        "parent_object": "",
                        "display_name": "",
                        "object_type": "",
                        "object_color": "",
                        "link": "False",
                        "dir_name": "xml_templates",
                        "filesystem_type": "folder",
                        "flame_type": "",
                        "parent_dir": "/{projekts_dir}/{projekt_dir}/docs/xml",
                        "path": "/{projekts_dir}/{projekt_dir}/docs/xml/xml_templates",
                        "bookmark_name": "",
                        "bookmark_type": "",
                        "bookmark_parent": "",
                        "bookmark_visibility": ""
                    },
                    "item_99": {
                        "object_name": "",
                        "process_type": "",
                        "parent_object": "",
                        "display_name": "",
                        "object_type": "",
                        "object_color": "",
                        "link": "False",
                        "dir_name": "xslt_templates",
                        "filesystem_type": "folder",
                        "flame_type": "",
                        "parent_dir": "/{projekts_dir}/{projekt_dir}/docs/xml",
                        "path": "/{projekts_dir}/{projekt_dir}/docs/xml/xslt_templates",
                        "bookmark_name": "",
                        "bookmark_type": "",
                        "bookmark_parent": "",
                        "bookmark_visibility": ""
                    }
                }
            }
        }
    }
}
