{
    "item_00": {
        "object_name": "masters_library",
        "process_type": "create_or_validate_library",
        "parent_object": "the_current_workspace",
        "display_name": "'masters'",
        "object_type": "library",
        "object_color": "object_colors.get(\"Dark Blue\")",
        "link": "True",
        "dir_name": "masters",
        "filesystem_type": "folder",
        "flame_type": "library",
        "parent_dir": "/{projekts_dir}/{projekt_dir}",
        "path": "/{projekts_dir}/{projekt_dir}/masters",
        "bookmark_name": "masters",
        "bookmark_type": "folder",
        "bookmark_parent": "projekt directories",
        "bookmark_visibility": "Global",
        "children": {
            "item_01": {
                "object_name": "master_edits_folder",
                "process_type": "create_or_validate_object",
                "parent_object": "masters_library",
                "display_name": "'master_edits'",
                "object_type": "folder",
                "object_color": "",
                "link": "True",
                "dir_name": "master_edits",
                "filesystem_type": "folder",
                "flame_type": "folder",
                "parent_dir": "/{projekts_dir}/{projekt_dir}/masters",
                "path": "/{projekts_dir}/{projekt_dir}/masters/master_edits",
                "bookmark_name": "master_edits",
                "bookmark_type": "bookmark",
                "bookmark_parent": "masters",
                "bookmark_visibility": "Global"
            },
            "item_02": {
                "object_name": "slated_masters_folder",
                "process_type": "create_or_validate_object",
                "parent_object": "masters_library",
                "display_name": "'slated_masters'",
                "object_type": "folder",
                "object_color": "",
                "link": "True",
                "dir_name": "slated_masters",
                "filesystem_type": "folder",
                "flame_type": "folder",
                "parent_dir": "/{projekts_dir}/{projekt_dir}/masters",
                "path": "/{projekts_dir}/{projekt_dir}/masters/slated_masters",
                "bookmark_name": "slated_masters",
                "bookmark_type": "bookmark",
                "bookmark_parent": "masters",
                "bookmark_visibility": "Global"
            },
            "item_03": {
                "object_name": "versioned_masters_folder",
                "process_type": "create_or_validate_object",
                "parent_object": "masters_library",
                "display_name": "'versioned_masters'",
                "object_type": "folder",
                "object_color": "",
                "link": "True",
                "dir_name": "versioned_masters",
                "filesystem_type": "folder",
                "flame_type": "folder",
                "parent_dir": "/{projekts_dir}/{projekt_dir}/masters",
                "path": "/{projekts_dir}/{projekt_dir}/masters/versioned_masters",
                "bookmark_name": "versioned_masters",
                "bookmark_type": "bookmark",
                "bookmark_parent": "masters",
                "bookmark_visibility": "Global"
            }
        }
    }
}
