{
    "item_00": {
        "object_name": "reference_library",
        "process_type": "create_or_validate_library",
        "parent_object": "the_current_workspace",
        "display_name": "'reference'",
        "object_type": "library",
        "object_color": "object_colors.get(\"Dark Orange\")",
        "link": "True",
        "dir_name": "reference",
        "filesystem_type": "folder",
        "flame_type": "library",
        "parent_dir": "/{projekts_dir}/{projekt_dir}",
        "path": "/{projekts_dir}/{projekt_dir}/reference",
        "bookmark_name": "reference",
        "bookmark_type": "folder",
        "bookmark_parent": "projekt directories",
        "bookmark_visibility": "Global",
        "children": {
            "item_01": {
                "object_name": "reference_images_folder",
                "process_type": "create_or_validate_object",
                "parent_object": "reference_library",
                "display_name": "'reference_images'",
                "object_type": "folder",
                "object_color": "",
                "link": "True",
                "dir_name": "reference_images",
                "filesystem_type": "folder",
                "flame_type": "folder",
                "parent_dir": "/{projekts_dir}/{projekt_dir}/reference",
                "path": "/{projekts_dir}/{projekt_dir}/reference/reference_images",
                "bookmark_name": "reference_images",
                "bookmark_type": "bookmark",
                "bookmark_parent": "reference",
                "bookmark_visibility": "Global"
            },
            "item_02": {
                "object_name": "reference_movies_folder",
                "process_type": "create_or_validate_object",
                "parent_object": "reference_library",
                "display_name": "'reference_movies'",
                "object_type": "folder",
                "object_color": "",
                "link": "True",
                "dir_name": "reference_movies",
                "filesystem_type": "folder",
                "flame_type": "folder",
                "parent_dir": "/{projekts_dir}/{projekt_dir}/reference",
                "path": "/{projekts_dir}/{projekt_dir}/reference/reference_movies",
                "bookmark_name": "reference_movies",
                "bookmark_type": "bookmark",
                "bookmark_parent": "reference",
                "bookmark_visibility": "Global"
            },
            "item_03": {
                "object_name": "reference_style_guide_folder",
                "process_type": "create_or_validate_object",
                "parent_object": "reference_library",
                "display_name": "'reference_style_guide'",
                "object_type": "folder",
                "object_color": "",
                "link": "True",
                "dir_name": "reference_style_guide",
                "filesystem_type": "folder",
                "flame_type": "folder",
                "parent_dir": "/{projekts_dir}/{projekt_dir}/reference",
                "path": "/{projekts_dir}/{projekt_dir}/reference/reference_style_guide",
                "bookmark_name": "reference_style_guide",
                "bookmark_type": "bookmark",
                "bookmark_parent": "reference",
                "bookmark_visibility": "Global"
            }
        }
    }
}
