{
    "item_00": {
        "object_name": "",
        "process_type": "",
        "parent_object": "",
        "display_name": "",
        "object_type": "",
        "object_color": "",
        "link": "False",
        "dir_name": "utilities",
        "filesystem_type": "folder",
        "flame_type": "",
        "parent_dir": "/{projekts_dir}/{projekt_dir}",
        "path": "/{projekts_dir}/{projekt_dir}/utilities",
        "bookmark_name": "utilities",
        "bookmark_type": "folder",
        "bookmark_parent": "projekt directories",
        "bookmark_visibility": "Global",
        "children": {
            "item_01": {
                "object_name": "",
                "process_type": "",
                "parent_object": "",
                "display_name": "",
                "object_type": "",
                "object_color": "",
                "link": "False",
                "dir_name": "Synergy",
                "filesystem_type": "folder",
                "flame_type": "",
                "parent_dir": "/{projekts_dir}/{projekt_dir}/utilities",
                "path": "/{projekts_dir}/{projekt_dir}/utilities/Synergy",
                "bookmark_name": "",
                "bookmark_type": "",
                "bookmark_parent": "",
                "bookmark_visibility": "",
                "children": {
                    "item_02": {
                        "object_name": "",
                        "process_type": "",
                        "parent_object": "",
                        "display_name": "''",
                        "object_type": "",
                        "object_color": "",
                        "link": "False",
                        "dir_name": "SynColor",
                        "filesystem_type": "folder",
                        "flame_type": "",
                        "parent_dir": "/{projekts_dir}/{projekt_dir}/utilities/Synergy",
                        "path": "/{projekts_dir}/{projekt_dir}/utilities/Synergy/SynColor",
                        "bookmark_name": "",
                        "bookmark_type": "",
                        "bookmark_parent": "",
                        "bookmark_visibility": "",
                        "children": {
                            "item_03": {
                                "object_name": "",
                                "process_type": "",
                                "parent_object": "",
                                "display_name": "''",
                                "object_type": "",
                                "object_color": "",
                                "link": "False",
                                "dir_name": "Shared",
                                "filesystem_type": "folder",
                                "flame_type": "",
                                "parent_dir": "/{projekts_dir}/{projekt_dir}/utilities/Synergy/SynColor",
                                "path": "/{projekts_dir}/{projekt_dir}/utilities/Synergy/SynColor/Shared",
                                "bookmark_name": "",
                                "bookmark_type": "",
                                "bookmark_parent": "",
                                "bookmark_visibility": ""
                            }
                        }
                    }
                }
            }
        }
    }
}
