{
    "Serial Number: ": "",
    "Client Name: ": "Flame",
    "Campaign Name: ": "Colortoolkit",
    "Projekt Name: ": "flame_colortoolkit",
    "Resolution: ": "1920 x 1080 | HD 1080 16:9",
    "Width: ": "1920",
    "Height: ": "1080",
    "Storage Aspect Ratio: ": "1.7777778",
    "Display Aspect Ratio: ": "1.7777778",
    "Pixel Aspect Ratio: ": "1.0",
    "Aspect Ratio: ": "1.7777778",
    "Bit Depth: ": "16-bit fp",
    "Framerate: ": "23.976 fps",
    "Scan Mode: ": "PROGRESSIVE",
    "Start Frame: ": "1001",
    "Init Config: ": "1920x1080@23976p.cfg",
    "Color Science: ": "ADSK_ACES_1.1"
}
