<?xml version="1.0"?>
<preset version="11"><type>sequence</type><comment>Creates a multitrack FCP X XML file referencing source media files.  No media files are generated.</comment><sequence><fileType>AAF</fileType><namePattern>&lt;name&gt;</namePattern><composition>&lt;name&gt;</composition><includeVideo>True</includeVideo><exportVideo>False</exportVideo><videoMedia><mediaFileType>movie</mediaFileType><commit>Original</commit><flatten>NoChange</flatten><exportHandles>True</exportHandles><nbHandles>10</nbHandles></videoMedia><includeAudio>False</includeAudio><exportAudio>False</exportAudio><audioMedia><mediaFileType>audio</mediaFileType><commit>Original</commit><flatten>FlattenCommit</flatten><exportHandles>True</exportHandles><nbHandles>1</nbHandles></audioMedia></sequence><name><framePadding>8</framePadding><startFrame>1</startFrame><frameIndex>2</frameIndex></name></preset>