<?xml version="1.0"?>
<preset version="10"><type>sequence</type><comment>SHOT PUBLISH SEM ATRIBUTOS</comment><sequence><fileType>NONE</fileType><namePattern></namePattern><composition>&lt;name&gt;</composition><includeVideo>True</includeVideo><exportVideo>True</exportVideo><videoMedia><mediaFileType>image</mediaFileType><commit>Original</commit><flatten>NoChange</flatten><exportHandles>False</exportHandles><nbHandles>10</nbHandles></videoMedia><includeAudio>True</includeAudio><exportAudio>False</exportAudio><audioMedia><mediaFileType>audio</mediaFileType><commit>Original</commit><flatten>NoChange</flatten><exportHandles>True</exportHandles><nbHandles>10</nbHandles></audioMedia></sequence><video><fileType>OpenEXR</fileType><codec>727160</codec><codecProfile></codecProfile><namePattern>SOURCE_MEDIA/&lt;shot name&gt;/&lt;track name&gt;/&lt;version name&gt;/&lt;shot name&gt;</namePattern><compressionQuality>50</compressionQuality><transferCharacteristic>2</transferCharacteristic><colorimetricSpecification>4</colorimetricSpecification><publishLinkedCriteria>7</publishLinkedCriteria><overwriteWithVersions>False</overwriteWithVersions><posterFrame>False</posterFrame><useFrameAsPoster>1</useFrameAsPoster><resize><resizeType>fit</resizeType><resizeFilter>lanczos</resizeFilter><width>0</width><height>0</height><bitsPerChannel>16</bitsPerChannel><numChannels>3</numChannels><floatingPoint>True</floatingPoint><bigEndian>False</bigEndian><pixelRatio>1</pixelRatio><scanFormat>P</scanFormat></resize></video><name><framePadding>4</framePadding><startFrame>1000</startFrame><frameIndex>0</frameIndex></name><createOpenClip><namePattern>PROJECT/flame/&lt;shot name&gt;/sources/&lt;segment name&gt;</namePattern><version><index>0</index><padding>2</padding><name>v&lt;version&gt;</name></version><batchSetup><namePattern>PROJECT/flame/&lt;shot name&gt;/batch/&lt;shot name&gt;_&lt;version name&gt;</namePattern><exportNamePattern>PROJECT/flame/&lt;shot name&gt;/flame/&lt;shot name&gt;</exportNamePattern><outputPathPattern>RENDER/&lt;shot name&gt;/&lt;version name&gt;/&lt;shot name&gt;</outputPathPattern><batchGroup>False</batchGroup><batchInputsType>0</batchInputsType><batchGroupPath>/Desktop</batchGroupPath></batchSetup></createOpenClip><reImport><namePattern></namePattern></reImport></preset>