<?xml version="1.0"?>
<preset version="11"><type>sequence</type><comment>preset criado para exportar os plates para o publish depois das bases</comment><sequence><fileType>NONE</fileType><namePattern></namePattern><composition>&lt;name&gt;</composition><includeVideo>True</includeVideo><exportVideo>True</exportVideo><videoMedia><mediaFileType>image</mediaFileType><commit>Original</commit><flatten>NoChange</flatten><exportHandles>True</exportHandles><nbHandles>1000</nbHandles></videoMedia><includeAudio>True</includeAudio><exportAudio>False</exportAudio><audioMedia><mediaFileType>audio</mediaFileType><commit>Original</commit><flatten>FlattenCommit</flatten><exportHandles>False</exportHandles><nbHandles>10</nbHandles></audioMedia></sequence><video><fileType>Dpx</fileType><codec>6176</codec><codecProfile></codecProfile><namePattern>SOURCE_MEDIA/&lt;shot name&gt;/&lt;track name&gt;/v01/&lt;segment name&gt;</namePattern><transferCharacteristic>2</transferCharacteristic><colorimetricSpecification>4</colorimetricSpecification><publishLinkedCriteria>1</publishLinkedCriteria><includeAlpha>False</includeAlpha><overwriteWithVersions>False</overwriteWithVersions><posterFrame>False</posterFrame><useFrameAsPoster>1</useFrameAsPoster><resize><resizeType>fit</resizeType><resizeFilter>lanczos</resizeFilter><width>0</width><height>0</height><bitsPerChannel>10</bitsPerChannel><numChannels>3</numChannels><floatingPoint>False</floatingPoint><bigEndian>True</bigEndian><pixelRatio>1</pixelRatio><scanFormat>P</scanFormat></resize></video><name><framePadding>4</framePadding><startFrame>1</startFrame><frameIndex>0</frameIndex></name></preset>