<?xml version="1.0"?>
<preset version="11"><type>sequence</type><comment>AAF+ PRORES 4444  </comment><sequence><fileType>AAF</fileType><namePattern>&lt;name&gt;/&lt;name&gt;</namePattern><composition>&lt;name&gt;</composition><includeVideo>True</includeVideo><exportVideo>True</exportVideo><videoMedia><mediaFileType>movie</mediaFileType><commit>Original</commit><flatten>NoChange</flatten><exportHandles>True</exportHandles><nbHandles>1000</nbHandles></videoMedia><includeAudio>False</includeAudio><exportAudio>False</exportAudio><audioMedia><mediaFileType>audio</mediaFileType><commit>Original</commit><flatten>FlattenCommit</flatten><exportHandles>True</exportHandles><nbHandles>10</nbHandles></audioMedia></sequence><movie><fileType>QuickTime</fileType><namePattern>&lt;name&gt;/&lt;segment&gt;_&lt;segment name&gt;</namePattern><yuvHeadroom>0</yuvHeadroom><yuvColourSpace>PCS_UNKNOWN</yuvColourSpace><colorSyncCompat>False</colorSyncCompat></movie><video><fileType>QuickTime</fileType><codec>67446784</codec><codecProfile><rootPath>/opt/Autodesk/mediaconverter/</rootPath><targetVersion>2022.2</targetVersion><pathSuffix>/profiles/.67446784/CBR.cdxprof</pathSuffix></codecProfile><namePattern>&lt;name&gt;/&lt;segment&gt;_&lt;segment name&gt;</namePattern><includeAlpha>False</includeAlpha><overwriteWithVersions>False</overwriteWithVersions><resize><resizeType>fit</resizeType><resizeFilter>lanczos</resizeFilter><width>0</width><height>0</height><bitsPerChannel>12</bitsPerChannel><numChannels>3</numChannels><floatingPoint>False</floatingPoint><bigEndian>False</bigEndian><pixelRatio>1</pixelRatio><scanFormat>P</scanFormat></resize></video><name><framePadding>8</framePadding><startFrame>1</startFrame><frameIndex>2</frameIndex></name></preset>