<?xml version="1.0"?>
<preset version="11"><type>sequence</type><comment>SHOT PUBLISH SEM ATRIBUTOS + 10 HANDLES. ( using_segment name )</comment><sequence><fileType>NONE</fileType><namePattern></namePattern><composition>&lt;name&gt;</composition><includeVideo>True</includeVideo><exportVideo>True</exportVideo><videoMedia><mediaFileType>image</mediaFileType><commit>Original</commit><flatten>NoChange</flatten><exportHandles>True</exportHandles><nbHandles>10</nbHandles></videoMedia><includeAudio>True</includeAudio><exportAudio>False</exportAudio><audioMedia><mediaFileType>audio</mediaFileType><commit>Original</commit><flatten>NoChange</flatten><exportHandles>True</exportHandles><nbHandles>10</nbHandles></audioMedia></sequence><video><fileType>Dpx</fileType><codec>6176</codec><codecProfile></codecProfile><namePattern>&lt;name&gt;/SOURCE_MEDIA/&lt;shot name&gt;/flat/&lt;track name&gt;/&lt;version name&gt;/&lt;segment name&gt;</namePattern><transferCharacteristic>2</transferCharacteristic><colorimetricSpecification>4</colorimetricSpecification><publishLinkedCriteria>7</publishLinkedCriteria><overwriteWithVersions>False</overwriteWithVersions><posterFrame>False</posterFrame><useFrameAsPoster>1</useFrameAsPoster><resize><resizeType>fit</resizeType><resizeFilter>lanczos</resizeFilter><width>0</width><height>0</height><bitsPerChannel>10</bitsPerChannel><numChannels>3</numChannels><floatingPoint>False</floatingPoint><bigEndian>True</bigEndian><pixelRatio>1</pixelRatio><scanFormat>P</scanFormat></resize></video><name><framePadding>4</framePadding><startFrame>1</startFrame><frameIndex>0</frameIndex></name><createOpenClip><namePattern>&lt;name&gt;/METADADOS/openclip_source/&lt;shot name&gt;_&lt;track name&gt;</namePattern><version><index>0</index><padding>2</padding><name>comp_v&lt;version&gt;</name></version><batchSetup><namePattern>&lt;name&gt;/PROJECT/flame/&lt;shot name&gt;/batch/&lt;shot name&gt;_&lt;version name&gt;</namePattern><exportNamePattern>&lt;name&gt;/METADADOS/openclip_render/&lt;shot name&gt;</exportNamePattern><outputPathPattern>&lt;name&gt;/RENDER/&lt;shot name&gt;/&lt;version name&gt;/&lt;segment name&gt;</outputPathPattern><batchGroup>True</batchGroup><batchInputsType>1</batchInputsType><batchGroupPath>/Desktop</batchGroupPath></batchSetup></createOpenClip><reImport><namePattern></namePattern></reImport></preset>