<?xml version="1.0"?>
<preset version="11"><type>sequence</type><comment>preset criado para exportar a cor para trocar na comp</comment><sequence><fileType>NONE</fileType><namePattern></namePattern><composition>&lt;name&gt;</composition><includeVideo>True</includeVideo><exportVideo>True</exportVideo><videoMedia><mediaFileType>image</mediaFileType><commit>Original</commit><flatten>NoChange</flatten><exportHandles>True</exportHandles><nbHandles>1000</nbHandles></videoMedia><includeAudio>True</includeAudio><exportAudio>False</exportAudio><audioMedia><mediaFileType>audio</mediaFileType><commit>Original</commit><flatten>FlattenCommit</flatten><exportHandles>False</exportHandles><nbHandles>10</nbHandles></audioMedia></sequence><video><fileType>Dpx</fileType><codec>6176</codec><codecProfile></codecProfile><namePattern>&lt;name&gt;/SOURCE_MEDIA/&lt;shot name&gt;/grading/&lt;track name&gt;/&lt;version name&gt;/&lt;segment name&gt;_&lt;track name&gt;</namePattern><transferCharacteristic>2</transferCharacteristic><colorimetricSpecification>4</colorimetricSpecification><publishLinkedCriteria>7</publishLinkedCriteria><includeAlpha>False</includeAlpha><overwriteWithVersions>False</overwriteWithVersions><posterFrame>False</posterFrame><useFrameAsPoster>1</useFrameAsPoster><resize><resizeType>fit</resizeType><resizeFilter>lanczos</resizeFilter><width>0</width><height>0</height><bitsPerChannel>10</bitsPerChannel><numChannels>3</numChannels><floatingPoint>False</floatingPoint><bigEndian>True</bigEndian><pixelRatio>1</pixelRatio><scanFormat>P</scanFormat></resize></video><name><framePadding>4</framePadding><startFrame>1</startFrame><frameIndex>0</frameIndex></name><createOpenClip><namePattern>&lt;name&gt;/PROJECT/flame/&lt;shot name&gt;/openclip_source/&lt;segment name&gt;_&lt;track name&gt;</namePattern><version><index>1</index><padding>2</padding><name>cor_v&lt;version&gt;</name></version></createOpenClip></preset>