<?xml version="1.0"?>
<preset version="14"><type>sequence</type><comment>Creates a video and audio multi-track XML file referencing original media files. 
No media files are generated.</comment><sequence><fileType>FCPX</fileType><namePattern>editorial/xml/&lt;name&gt;/&lt;YYYY&gt;-&lt;MM&gt;-&lt;DD&gt;/&lt;hh&gt;-&lt;mm&gt;/&lt;name&gt;</namePattern><composition>&lt;name&gt;</composition><includeVideo>True</includeVideo><exportVideo>False</exportVideo><videoMedia><mediaFileType>movie</mediaFileType><commit>Original</commit><flatten>NoChange</flatten><exportHandles>False</exportHandles><nbHandles>1</nbHandles></videoMedia><includeAudio>True</includeAudio><exportAudio>False</exportAudio><audioMedia><mediaFileType>audio</mediaFileType><commit>Original</commit><flatten>NoChange</flatten><exportHandles>False</exportHandles><nbHandles>1</nbHandles></audioMedia></sequence><name><framePadding>8</framePadding><startFrame>1</startFrame><frameIndex>0</frameIndex></name></preset>