<?xml version="1.0"?>
<preset version="14"><type>sequence</type><comment>Creates shot directories with video media, openclip XML and batch groups for all shots in the sequence.
The generated media is ACEScg (AP-1) 16-bit OpenEXR, with 12 frame handles, without audio, start frame is 1001, version is v0000.</comment><sequence><fileType>NONE</fileType><namePattern></namePattern><composition>&lt;name&gt;</composition><includeVideo>True</includeVideo><exportVideo>True</exportVideo><videoMedia><mediaFileType>image</mediaFileType><commit>Original</commit><flatten>NoChange</flatten><exportHandles>True</exportHandles><nbHandles>12</nbHandles></videoMedia><includeAudio>True</includeAudio><exportAudio>False</exportAudio><audioMedia><mediaFileType>audio</mediaFileType><commit>Original</commit><flatten>FlattenCommit</flatten><exportHandles>True</exportHandles><nbHandles>10</nbHandles></audioMedia></sequence><video><fileType>OpenEXR</fileType><codec>596088</codec><codecProfile></codecProfile><namePattern>tomadas/&lt;shot name&gt;/media/sources/&lt;segment name&gt;/v&lt;version&gt;/&lt;tape&gt;/&lt;source name&gt;/&lt;segment name&gt;_v&lt;version&gt;.</namePattern><publishLinkedCriteria>7</publishLinkedCriteria><overwriteWithVersions>False</overwriteWithVersions><lutState><Setup><Base><Version>21.020000</Version><Note></Note><Expanded>False</Expanded><ScrollBar>0</ScrollBar><Frames>24</Frames><Current_Time>1</Current_Time><Input_DataType>4</Input_DataType><ClampMode>0</ClampMode><AdapDegrad>False</AdapDegrad><ReadOnly>False</ReadOnly><NoMediaHandling>1</NoMediaHandling><UsedAsTransition>False</UsedAsTransition><FrameBounds W="1920" H="1080" X="0" Y="0" SX="16" SY="9"/></Base><State><LogLinTargetPixelFormat>143</LogLinTargetPixelFormat><LogLinPropRefWhite>True</LogLinPropRefWhite><LogLinPropRefBlack>True</LogLinPropRefBlack><LogLinPropHighlight>True</LogLinPropHighlight><LogLinPropShadow>True</LogLinPropShadow><LogLinPropSoftclip>True</LogLinPropSoftclip><LogLinPropDispGamma>True</LogLinPropDispGamma><LogLinPropFilmGamma>True</LogLinPropFilmGamma><LogLinPropExposure>True</LogLinPropExposure><LogLinPropDefog>True</LogLinPropDefog><LogLinPropKneeLow>True</LogLinPropKneeLow><LogLinPropKneeHigh>True</LogLinPropKneeHigh><LogLinAdjustPropLuts>True</LogLinAdjustPropLuts><LogLinPropLowRoll>True</LogLinPropLowRoll><LogLinPropLowCon>True</LogLinPropLowCon><LogLinPropContrast>True</LogLinPropContrast><LogLinPropHighCon>True</LogLinPropHighCon><LogLinPropHighRoll>True</LogLinPropHighRoll><LogLinHasBeenActivated>True</LogLinHasBeenActivated><LutsBuilder><LutsBuilder LutFileVersion="3"><ConversionType>0</ConversionType><GammaType>1</GammaType><BasicMode>4</BasicMode><AdjustMode>False</AdjustMode><RedLut><Cineon Version="1"><ConversionType>0</ConversionType><ReferenceWhite>0.669599</ReferenceWhite><ReferenceBlack>0.092864</ReferenceBlack><Highlight>1</Highlight><Shadow>0</Shadow><Softclip>0</Softclip><FilmGamma>0.600000</FilmGamma><GammaCorrection>0.450000</GammaCorrection><Defog>0</Defog><KneeLow>0</KneeLow><KneeHigh>0</KneeHigh><Exposure>0</Exposure><LowRoll>0</LowRoll><LowCon>0</LowCon><Contrast>0</Contrast><HighCon>0</HighCon><HighRoll>0</HighRoll><Encoding>9</Encoding><Invert>0</Invert></Cineon></RedLut><GreenLut><Cineon Version="1"><ConversionType>0</ConversionType><ReferenceWhite>0.669599</ReferenceWhite><ReferenceBlack>0.092864</ReferenceBlack><Highlight>1</Highlight><Shadow>0</Shadow><Softclip>0</Softclip><FilmGamma>0.600000</FilmGamma><GammaCorrection>0.450000</GammaCorrection><Defog>0</Defog><KneeLow>0</KneeLow><KneeHigh>0</KneeHigh><Exposure>0</Exposure><LowRoll>0</LowRoll><LowCon>0</LowCon><Contrast>0</Contrast><HighCon>0</HighCon><HighRoll>0</HighRoll><Encoding>9</Encoding><Invert>0</Invert></Cineon></GreenLut><BlueLut><Cineon Version="1"><ConversionType>0</ConversionType><ReferenceWhite>0.669599</ReferenceWhite><ReferenceBlack>0.092864</ReferenceBlack><Highlight>1</Highlight><Shadow>0</Shadow><Softclip>0</Softclip><FilmGamma>0.600000</FilmGamma><GammaCorrection>0.450000</GammaCorrection><Defog>0</Defog><KneeLow>0</KneeLow><KneeHigh>0</KneeHigh><Exposure>0</Exposure><LowRoll>0</LowRoll><LowCon>0</LowCon><Contrast>0</Contrast><HighCon>0</HighCon><HighRoll>0</HighRoll><Encoding>9</Encoding><Invert>0</Invert></Cineon></BlueLut><ColorTransformBuilder><ColorTransformBuilder CTBVersion="1.400000"><CTBCustom>False</CTBCustom><CTBInvert>False</CTBInvert><CTBSolo>False</CTBSolo><CTBSelected>-1</CTBSelected><CTBIsColourSpaceConversion>True</CTBIsColourSpaceConversion><CTBSrcColourSpace>From Source</CTBSrcColourSpace><CTBDstColourSpace>ACEScg</CTBDstColourSpace><CTBTaggedColourSpace>From Source</CTBTaggedColourSpace><CTBViewTransformEnabled>False</CTBViewTransformEnabled><CTBVTSrcCS>From Source</CTBVTSrcCS><CTBVTViewCS>From Rules</CTBVTViewCS><CTBVTDispCS>Rec.709 video</CTBVTDispCS><CTBItems/></ColorTransformBuilder></ColorTransformBuilder></LutsBuilder></LutsBuilder></State></Setup></lutState><resize><resizeType>fit</resizeType><resizeFilter>lanczos</resizeFilter><width>0</width><height>0</height><bitsPerChannel>16</bitsPerChannel><numChannels>3</numChannels><floatingPoint>True</floatingPoint><bigEndian>False</bigEndian><pixelRatio>1</pixelRatio><scanFormat>P</scanFormat><ResSelectorMode>3</ResSelectorMode><ResAdaptativeMode>0</ResAdaptativeMode><ResScalingMode>1</ResScalingMode><ResScalingValue>50</ResScalingValue></resize></video><name><framePadding>8</framePadding><startFrame>1</startFrame><frameIndex>2</frameIndex></name><createOpenClip><namePattern>tomadas/&lt;shot name&gt;/openclip/segment_clips/flame/&lt;segment name&gt;</namePattern><version><index>0</index><padding>4</padding><name>v&lt;version&gt;</name></version><batchSetup><namePattern>tomadas/&lt;shot name&gt;/batch_setups/&lt;shot name&gt;_&lt;version name&gt;_&lt;workstation&gt;_&lt;user nickname&gt;</namePattern><exportNamePattern>tomadas/&lt;shot name&gt;/openclip/output_clips/flame/&lt;shot name&gt;_publish</exportNamePattern><outputPathPattern>tomadas/&lt;shot name&gt;/media/renders/&lt;shot name&gt;_v&lt;version&gt;/&lt;shot name&gt;_v&lt;version&gt;.</outputPathPattern><batchGroup>True</batchGroup><batchInputsType>1</batchInputsType><batchGroupPath>/Libraries/tomadas/batch_groups</batchGroupPath></batchSetup></createOpenClip><reImport><namePattern></namePattern></reImport></preset>