<?xml version="1.0" encoding="UTF-8"?>
<viewingRules version="1.0">
	<default viewTransform="Raw" />
	<ViewingRule name="Linear (on Video)" viewTransform="linear-to-video_view" allowedColorSpaces="Any Video" allowedCSContext="Family" allowedDisplays="Any SDR" allowedDisplaysContext="Family" isActive="On" />
	<ViewingRule name="Linear (on Log)" viewTransform="linear-to-video_view" allowedColorSpaces="Any Log" allowedCSContext="Family" allowedDisplays="Any SDR" allowedDisplaysContext="Family" isActive="On" />
	<ViewingRule name="Log (on Video)" viewTransform="log-to-video_view" allowedColorSpaces="Any Video" allowedCSContext="Family" allowedDisplays="Any SDR" allowedDisplaysContext="Family" isActive="On" />
	<ViewingRule name="Log (on Linear)" viewTransform="log-to-video_view" allowedColorSpaces="Any Scene-linear" allowedCSContext="Family" allowedDisplays="Any SDR" allowedDisplaysContext="Family" isActive="On" />
	<ViewingRule name="Video (on Linear)" viewTransform="Raw" allowedColorSpaces="Any Scene-linear" allowedCSContext="Family" allowedDisplays="Any SDR" allowedDisplaysContext="Family" isActive="On" />
	<ViewingRule name="Video (on Log)" viewTransform="Raw" allowedColorSpaces="Any Log" allowedCSContext="Family" allowedDisplays="Any SDR" allowedDisplaysContext="Family" isActive="On" />
	<ViewingRule name="Matte *" viewTransform="Raw" allowedColorSpaces="Any Data" allowedCSContext="Family" allowedDisplays="Any SDR" allowedDisplaysContext="Family" isActive="On" />
	<ViewingRule name="Matte" viewTransform="Raw" allowedColorSpaces="Unknown" allowedCSContext="Specific" allowedDisplays="Any SDR" allowedDisplaysContext="Family" isActive="On" />
	<ViewingRule name="Normals *" viewTransform="normals_view" allowedColorSpaces="Normals_201605" allowedCSContext="Specific" allowedDisplays="Any SDR" allowedDisplaysContext="Family" isActive="On" />
	<ViewingRule name="Linear (2.4 gamma)" viewTransform="Linear (2.4 gamma)" allowedColorSpaces="Unknown" allowedCSContext="Specific" allowedDisplays="Any SDR" allowedDisplaysContext="Family" isActive="On" />
	<ViewingRule name="Linear (2.4 gamma) *" viewTransform="Linear (2.4 gamma)" allowedColorSpaces="Any Scene-linear" allowedCSContext="Family" allowedDisplays="Any SDR" allowedDisplaysContext="Family" isActive="On" />
	<ViewingRule name="Linear (sRGB gamma)" viewTransform="Linear (sRGB gamma)" allowedColorSpaces="Unknown" allowedCSContext="Specific" allowedDisplays="Any SDR" allowedDisplaysContext="Family" isActive="On" />
	<ViewingRule name="Linear (sRGB gamma) *" viewTransform="Linear (sRGB gamma)" allowedColorSpaces="Any Scene-linear" allowedCSContext="Family" allowedDisplays="Any SDR" allowedDisplaysContext="Family" isActive="On" />
	<ViewingRule name="Linear (PhotoMapLC)" viewTransform="Linear (PhotoMapLC)" allowedColorSpaces="Unknown" allowedCSContext="Specific" allowedDisplays="Any SDR" allowedDisplaysContext="Family" isActive="On" />
	<ViewingRule name="Linear (PhotoMapLC) *" viewTransform="Linear (PhotoMapLC)" allowedColorSpaces="Any Scene-linear" allowedCSContext="Family" allowedDisplays="Any SDR" allowedDisplaysContext="Family" isActive="On" />
	<ViewingRule name="Linear" viewTransform="linear-to-video_view" allowedColorSpaces="Unknown" allowedCSContext="Specific" allowedDisplays="Any SDR" allowedDisplaysContext="Family" isActive="On" />
	<ViewingRule name="Linear *" viewTransform="linear-to-video_view" allowedColorSpaces="Any Scene-linear" allowedCSContext="Family" allowedDisplays="Any SDR" allowedDisplaysContext="Family" isActive="On" />
	<ViewingRule name="Log" viewTransform="log-to-video_view" allowedColorSpaces="Unknown" allowedCSContext="Specific" allowedDisplays="Any SDR" allowedDisplaysContext="Family" isActive="On" />
	<ViewingRule name="Log *" viewTransform="log-to-video_view" allowedColorSpaces="Any Log" allowedCSContext="Family" allowedDisplays="Any SDR" allowedDisplaysContext="Family" isActive="On" />
	<ViewingRule name="Video" viewTransform="Raw" allowedColorSpaces="Unknown" allowedCSContext="Specific" allowedDisplays="Any SDR" allowedDisplaysContext="Family" isActive="On" />
	<ViewingRule name="Video *" viewTransform="Raw" allowedColorSpaces="Any Video" allowedCSContext="Family" allowedDisplays="Any SDR" allowedDisplaysContext="Family" isActive="On" />
</viewingRules>
