{
    "item_00": {
        "object_name": "assets_library",
        "process_type": "create_or_validate_library",
        "parent_object": "the_current_workspace",
        "display_name": "'assets'",
        "object_type": "library",
        "object_color": "object_colors.get(\"Dark Green\")",
        "children": {
            "item_01": {
                "object_name": "audio_folder",
                "process_type": "create_or_validate_object",
                "parent_object": "assets_library",
                "display_name": "'audio'",
                "object_type": "folder",
                "object_color": ""
            },
            "item_02": {
                "object_name": "dub_folder",
                "process_type": "create_or_validate_object",
                "parent_object": "audio_folder",
                "display_name": "'dub'",
                "object_type": "folder",
                "object_color": ""
            },
            "item_03": {
                "object_name": "mix_folder",
                "process_type": "create_or_validate_object",
                "parent_object": "audio_folder",
                "display_name": "'mix'",
                "object_type": "folder",
                "object_color": ""
            },
            "item_04": {
                "object_name": "music_folder",
                "process_type": "create_or_validate_object",
                "parent_object": "audio_folder",
                "display_name": "'music'",
                "object_type": "folder",
                "object_color": ""
            },
            "item_05": {
                "object_name": "production_folder",
                "process_type": "create_or_validate_object",
                "parent_object": "audio_folder",
                "display_name": "'production'",
                "object_type": "folder",
                "object_color": ""
            },
            "item_06": {
                "object_name": "sound_effects_folder",
                "process_type": "create_or_validate_object",
                "parent_object": "audio_folder",
                "display_name": "'sound_effects'",
                "object_type": "folder",
                "object_color": ""
            },
            "item_07": {
                "object_name": "stems_folder",
                "process_type": "create_or_validate_object",
                "parent_object": "audio_folder",
                "display_name": "'stems'",
                "object_type": "folder",
                "object_color": ""
            },
            "item_08": {
                "object_name": "voiceover_folder",
                "process_type": "create_or_validate_object",
                "parent_object": "audio_folder",
                "display_name": "'voiceover'",
                "object_type": "folder",
                "object_color": ""
            },
            "item_09": {
                "object_name": "font_folder",
                "process_type": "create_or_validate_object",
                "parent_object": "assets_library",
                "display_name": "'font'",
                "object_type": "folder",
                "object_color": ""
            },
            "item_10": {
                "object_name": "footage_folder",
                "process_type": "create_or_validate_object",
                "parent_object": "assets_library",
                "display_name": "'footage'",
                "object_type": "folder",
                "object_color": ""
            },
            "item_11": {
                "object_name": "graded_folder",
                "process_type": "create_or_validate_object",
                "parent_object": "footage_folder",
                "display_name": "'graded'",
                "object_type": "folder",
                "object_color": ""
            },
            "item_12": {
                "object_name": "lut_folder",
                "process_type": "create_or_validate_object",
                "parent_object": "footage_folder",
                "display_name": "'lut'",
                "object_type": "folder",
                "object_color": ""
            },
            "item_13": {
                "object_name": "raw_folder",
                "process_type": "create_or_validate_object",
                "parent_object": "footage_folder",
                "display_name": "'raw'",
                "object_type": "folder",
                "object_color": ""
            },
            "item_14": {
                "object_name": "stock_folder",
                "process_type": "create_or_validate_object",
                "parent_object": "footage_folder",
                "display_name": "'stock'",
                "object_type": "folder",
                "object_color": ""
            },
            "item_15": {
                "object_name": "transcodes_folder",
                "process_type": "create_or_validate_object",
                "parent_object": "footage_folder",
                "display_name": "'transcodes'",
                "object_type": "folder",
                "object_color": ""
            },
            "item_16": {
                "object_name": "video_folder",
                "process_type": "create_or_validate_object",
                "parent_object": "footage_folder",
                "display_name": "'video'",
                "object_type": "folder",
                "object_color": ""
            },
            "item_17": {
                "object_name": "graphics_folder",
                "process_type": "create_or_validate_object",
                "parent_object": "assets_library",
                "display_name": "'graphics'",
                "object_type": "folder",
                "object_color": ""
            },
            "item_18": {
                "object_name": "artwork_folder",
                "process_type": "create_or_validate_object",
                "parent_object": "graphics_folder",
                "display_name": "'artwork'",
                "object_type": "folder",
                "object_color": ""
            },
            "item_19": {
                "object_name": "cgi_folder",
                "process_type": "create_or_validate_object",
                "parent_object": "graphics_folder",
                "display_name": "'CGI'",
                "object_type": "folder",
                "object_color": ""
            },
            "item_20": {
                "object_name": "images_folder",
                "process_type": "create_or_validate_object",
                "parent_object": "graphics_folder",
                "display_name": "'images'",
                "object_type": "folder",
                "object_color": ""
            },
            "item_21": {
                "object_name": "legal_folder",
                "process_type": "create_or_validate_object",
                "parent_object": "graphics_folder",
                "display_name": "'legal'",
                "object_type": "folder",
                "object_color": ""
            },
            "item_23": {
                "object_name": "photoshop_folder",
                "process_type": "create_or_validate_object",
                "parent_object": "graphics_folder",
                "display_name": "'photoshop'",
                "object_type": "folder",
                "object_color": ""
            },
            "item_24": {
                "object_name": "slates_folder",
                "process_type": "create_or_validate_object",
                "parent_object": "graphics_folder",
                "display_name": "'slates'",
                "object_type": "folder",
                "object_color": ""
            },
            "item_25": {
                "object_name": "stringouts_folder",
                "process_type": "create_or_validate_object",
                "parent_object": "graphics_folder",
                "display_name": "'stringouts'",
                "object_type": "folder",
                "object_color": ""
            },
            "item_26": {
                "object_name": "subtitles_folder",
                "process_type": "create_or_validate_object",
                "parent_object": "graphics_folder",
                "display_name": "'subtitles'",
                "object_type": "folder",
                "object_color": ""
            },
            "item_27": {
                "object_name": "titles_folder",
                "process_type": "create_or_validate_object",
                "parent_object": "graphics_folder",
                "display_name": "'titles'",
                "object_type": "folder",
                "object_color": ""
            },
            "item_28": {
                "object_name": "matchmoving_folder",
                "process_type": "create_or_validate_object",
                "parent_object": "assets_library",
                "display_name": "'matchmoving'",
                "object_type": "folder",
                "object_color": ""
            },
            "item_29": {
                "object_name": "tracking_2d_folder",
                "process_type": "create_or_validate_object",
                "parent_object": "matchmoving_folder",
                "display_name": "'tracking_2d'",
                "object_type": "folder",
                "object_color": ""
            },
            "item_30": {
                "object_name": "tracking_3d_folder",
                "process_type": "create_or_validate_object",
                "parent_object": "matchmoving_folder",
                "display_name": "'tracking_3d'",
                "object_type": "folder",
                "object_color": ""
            },
            "item_31": {
                "object_name": "miscellaneous_folder",
                "process_type": "create_or_validate_object",
                "parent_object": "assets_library",
                "display_name": "'miscellaneous'",
                "object_type": "folder",
                "object_color": ""
            },
            "item_32": {
                "object_name": "rotoscope_folder",
                "process_type": "create_or_validate_object",
                "parent_object": "assets_library",
                "display_name": "'rotoscope'",
                "object_type": "folder",
                "object_color": ""
            },
            "item_33": {
                "object_name": "gmasks_folder",
                "process_type": "create_or_validate_object",
                "parent_object": "rotoscope_folder",
                "display_name": "'gmasks'",
                "object_type": "folder",
                "object_color": ""
            },
            "item_34": {
                "object_name": "raster_folder",
                "process_type": "create_or_validate_object",
                "parent_object": "rotoscope_folder",
                "display_name": "'raster'",
                "object_type": "folder",
                "object_color": ""
            },
            "item_35": {
                "object_name": "source_folder",
                "process_type": "create_or_validate_object",
                "parent_object": "rotoscope_folder",
                "display_name": "'source'",
                "object_type": "folder",
                "object_color": ""
            }
        }
    }
}