{
    "DlBookmark": {
        "Version": 1,
        "Sections": [
            {
                "Section": "Shared",
                "Bookmarks": [
                    {
                        "Bookmark": "PROJEKTS",
                        "Path": "/PROJEKTS/",
                        "Visibility": "Global"
                    },
                    {
                        "Bookmark": "flame_colortoolkit (linux)",
                        "Path": "/opt/Autodesk/Synergy/SynColor/Shared/transforms/flame_colortoolkit",
                        "Visibility": "Global"
                    },
                    {
                        "Bookmark": "flame_colortoolkit (macos)",
                        "Path": "/Applications/Autodesk/Synergy/SynColor/Shared/transforms/flame_colortoolkit",
                        "Visibility": "Global"
                    }
                ]
            }
        ]
    }
}