<?xml version="1.0" encoding="UTF-8"?>
<viewingRules version="1.0">
	<default viewTransform="Raw" />
	<ViewingRule name="Untagged warning" viewTransform="inverted-magenta_view" allowedColorSpaces="Unknown" allowedCSContext="Specific" allowedDisplays="Any" allowedDisplaysContext="Family" isActive="Off" />
	<ViewingRule name="Log (low contrast)" viewTransform="log_raw_view" allowedColorSpaces="Any Log" allowedCSContext="Family" allowedDisplays="Any" allowedDisplaysContext="Family" isActive="On" />
	<ViewingRule name="Linear (low contrast)" viewTransform="low-contrast_view" allowedColorSpaces="Any Scene-linear" allowedCSContext="Family" allowedDisplays="Any" allowedDisplaysContext="Family" isActive="On" />
	<ViewingRule name="Log (gamma-corrected)" viewTransform="gamma-corrected_view" allowedColorSpaces="Any Log" allowedCSContext="Family" allowedDisplays="Any" allowedDisplaysContext="Family" isActive="On" />
	<ViewingRule name="Linear (gamma-corrected)" viewTransform="gamma-corrected_view" allowedColorSpaces="Any Scene-linear" allowedCSContext="Family" allowedDisplays="Any" allowedDisplaysContext="Family" isActive="On" />
	<ViewingRule name="ACES 1.0 SDR-video" viewTransform="ACES10_SDR-video" allowedColorSpaces="Any Scene-linear or Log" allowedCSContext="Family" allowedDisplays="SDR video" allowedDisplaysContext="Family" isActive="On" />
	<ViewingRule name="ACES 1.0 SDR-video (D60 sim)" viewTransform="ACES10_SDR-video_d60sim" allowedColorSpaces="Any Scene-linear or Log" allowedCSContext="Family" allowedDisplays="SDR video" allowedDisplaysContext="Family" isActive="On" />
	<ViewingRule name="ACES 1.0 SDR-cinema (D60 sim on DCI)" viewTransform="ACES10_SDR-cinema_d60sim-on-dci" allowedColorSpaces="Any Scene-linear or Log" allowedCSContext="Family" allowedDisplays="DCI-P3 (DCI white)" allowedDisplaysContext="Specific" isActive="On" />
	<ViewingRule name="ACES 1.0 SDR-cinema (P3-clip)" viewTransform="ACES10_SDR-cinema_p3clip" allowedColorSpaces="Any Scene-linear or Log" allowedCSContext="Family" allowedDisplays="SDR cinema" allowedDisplaysContext="Family" isActive="On" />
	<ViewingRule name="ACES 1.0 SDR-cinema" viewTransform="ACES10_SDR-cinema" allowedColorSpaces="Any Scene-linear or Log" allowedCSContext="Family" allowedDisplays="SDR cinema" allowedDisplaysContext="Family" isActive="On" />
	<ViewingRule name="ACES 1.0 HDR-video 4000nits" viewTransform="ACES10_HDR-video_4000nits" allowedColorSpaces="Any Scene-linear or Log" allowedCSContext="Family" allowedDisplays="HDR video" allowedDisplaysContext="Family" isActive="On" />
	<ViewingRule name="ACES 1.0 HDR-video 2000nits" viewTransform="ACES10_HDR-video_2000nits" allowedColorSpaces="Any Scene-linear or Log" allowedCSContext="Family" allowedDisplays="HDR video" allowedDisplaysContext="Family" isActive="On" />
	<ViewingRule name="ACES 1.0 HDR-video 1000nits" viewTransform="ACES10_HDR-video_1000nits" allowedColorSpaces="Any Scene-linear or Log" allowedCSContext="Family" allowedDisplays="HDR video" allowedDisplaysContext="Family" isActive="On" />
	<ViewingRule name="Video (colorimetric)" viewTransform="colorimetric_view" allowedColorSpaces="Any Video" allowedCSContext="Family" allowedDisplays="Any" allowedDisplaysContext="Family" isActive="On" />
	<ViewingRule name="Matte" viewTransform="matte_view" allowedColorSpaces="Any Data" allowedCSContext="Family" allowedDisplays="Any" allowedDisplaysContext="Family" isActive="On" />
	<ViewingRule name="Normals" viewTransform="normals_view" allowedColorSpaces="Normals_201605" allowedCSContext="Specific" allowedDisplays="Any" allowedDisplaysContext="Family" isActive="On" />
</viewingRules>
