<?xml version="1.0"?>
<preset version="9"><type>movie</type><comment>Creates a 12-bit QuickTime file (Apple ProRes 4444).  The resolution of the file is based on the selected clip.</comment><movie><fileType>QuickTime</fileType><namePattern>&lt;name&gt;</namePattern><yuvHeadroom>False</yuvHeadroom><yuvColourSpace>PCS_UNKNOWN</yuvColourSpace><operationalPattern>None</operationalPattern><companyName>Autodesk</companyName><productName>Flame Assist</productName><versionName>2020.1</versionName></movie><video><fileType>QuickTime</fileType><codec>67446784</codec><codecProfile><rootPath>/opt/Autodesk/mediaconverter/</rootPath><targetVersion>2020.1</targetVersion><pathSuffix>/profiles/.67446784/VBR.cdxprof</pathSuffix></codecProfile><namePattern>&lt;name&gt;</namePattern><compressionQuality>50</compressionQuality><transferCharacteristic>2</transferCharacteristic><colorimetricSpecification>4</colorimetricSpecification><overwriteWithVersions>False</overwriteWithVersions><resize><resizeType>fit</resizeType><resizeFilter>lanczos</resizeFilter><width>0</width><height>0</height><bitsPerChannel>12</bitsPerChannel><numChannels>3</numChannels><floatingPoint>False</floatingPoint><bigEndian>False</bigEndian><pixelRatio>1</pixelRatio><scanFormat></scanFormat></resize></video><name><framePadding>8</framePadding><startFrame>1</startFrame><frameIndex>0</frameIndex></name></preset>