<?xml version="1.0"?>
<preset version="9"><type>movie</type><comment>Creates a 10-bit QuickTime file (Apple ProRes 422 HQ).  The resolution of the file is based on the selected clip.</comment><movie><fileType>QuickTime</fileType><namePattern>&lt;name&gt;</namePattern><yuvHeadroom>False</yuvHeadroom><yuvColourSpace>PCS_UNKNOWN</yuvColourSpace><operationalPattern>None</operationalPattern><companyName>Autodesk</companyName><productName>Flame Assist</productName><versionName>2020.1</versionName></movie><video><fileType>QuickTime</fileType><codec>67381248</codec><codecProfile><rootPath>/opt/Autodesk/mediaconverter/</rootPath><targetVersion>2020.1</targetVersion><pathSuffix>/profiles/.67381248/CBR.cdxprof</pathSuffix></codecProfile><namePattern>&lt;name&gt;</namePattern><compressionQuality>50</compressionQuality><transferCharacteristic>2</transferCharacteristic><colorimetricSpecification>4</colorimetricSpecification><includeAlpha>False</includeAlpha><overwriteWithVersions>False</overwriteWithVersions><resize><resizeType>fit</resizeType><resizeFilter>lanczos</resizeFilter><width>0</width><height>0</height><bitsPerChannel>10</bitsPerChannel><numChannels>3</numChannels><floatingPoint>False</floatingPoint><bigEndian>True</bigEndian><pixelRatio>1</pixelRatio><scanFormat></scanFormat></resize></video><audio><fileType>QuickTime</fileType><codec>4026732546</codec><codecProfile><rootPath>/opt/Autodesk/mediaconverter/</rootPath><targetVersion>2020.1</targetVersion><pathSuffix>/profiles/.4026732546/24-bit (LE).cdxprof</pathSuffix></codecProfile><namePattern>&lt;name&gt;</namePattern><mixdown>No</mixdown><sampleRate>-1</sampleRate><bitRate>128</bitRate><bitDepth>-1</bitDepth><language>en</language><content></content><channelMapping></channelMapping></audio><name><framePadding>8</framePadding><startFrame>1</startFrame><frameIndex>0</frameIndex></name></preset>