<?xml version="1.0"?>
<preset version="11"><type>movie</type><comment>PRORES 422HQ COM VIEW TRANSFORME DE ACES PARA REC 709</comment><movie><fileType>QuickTime</fileType><namePattern>&lt;name&gt;</namePattern><yuvHeadroom>0</yuvHeadroom><yuvColourSpace>PCS_UNKNOWN</yuvColourSpace><colorSyncCompat>False</colorSyncCompat></movie><video><fileType>QuickTime</fileType><codec>67381248</codec><codecProfile><rootPath>/opt/Autodesk/mediaconverter/</rootPath><targetVersion>2022.2</targetVersion><pathSuffix>/profiles/.67381248/CBR.cdxprof</pathSuffix></codecProfile><namePattern>&lt;name&gt;</namePattern><includeAlpha>False</includeAlpha><overwriteWithVersions>False</overwriteWithVersions><lutState><Setup><Base><Version>19</Version><Note></Note><Expanded>False</Expanded><ScrollBar>0</ScrollBar><Frames>84</Frames><Current_Time>1</Current_Time><Input_DataType>4</Input_DataType><ClampMode>0</ClampMode><AdapDegrad>False</AdapDegrad><ReadOnly>False</ReadOnly><NoMediaHandling>1</NoMediaHandling><UsedAsTransition>False</UsedAsTransition><FrameBounds W="5120" H="2700" X="0" Y="0" SX="42.666666666666671" SY="22.500000000000000"/></Base><State><LogLinTargetPixelFormat>137</LogLinTargetPixelFormat><LogLinPropRefWhite>True</LogLinPropRefWhite><LogLinPropRefBlack>True</LogLinPropRefBlack><LogLinPropHighlight>True</LogLinPropHighlight><LogLinPropShadow>True</LogLinPropShadow><LogLinPropSoftclip>True</LogLinPropSoftclip><LogLinPropDispGamma>True</LogLinPropDispGamma><LogLinPropFilmGamma>True</LogLinPropFilmGamma><LogLinPropExposure>True</LogLinPropExposure><LogLinPropDefog>True</LogLinPropDefog><LogLinPropKneeLow>True</LogLinPropKneeLow><LogLinPropKneeHigh>True</LogLinPropKneeHigh><LogLinAdjustPropLuts>True</LogLinAdjustPropLuts><LogLinPropLowRoll>True</LogLinPropLowRoll><LogLinPropLowCon>True</LogLinPropLowCon><LogLinPropContrast>True</LogLinPropContrast><LogLinPropHighCon>True</LogLinPropHighCon><LogLinPropHighRoll>True</LogLinPropHighRoll><LogLinHasBeenActivated>True</LogLinHasBeenActivated><LutsBuilder><LutsBuilder LutFileVersion="3"><ConversionType>0</ConversionType><GammaType>1</GammaType><BasicMode>6</BasicMode><AdjustMode>False</AdjustMode><RedLut><Cineon Version="1"><ConversionType>0</ConversionType><ReferenceWhite>0.669599</ReferenceWhite><ReferenceBlack>0.092864</ReferenceBlack><Highlight>1</Highlight><Shadow>0</Shadow><Softclip>0</Softclip><FilmGamma>0.600000</FilmGamma><GammaCorrection>0.450000</GammaCorrection><Defog>0</Defog><KneeLow>0</KneeLow><KneeHigh>0</KneeHigh><Exposure>0</Exposure><LowRoll>0</LowRoll><LowCon>0</LowCon><Contrast>0</Contrast><HighCon>0</HighCon><HighRoll>0</HighRoll><Encoding>9</Encoding><Invert>0</Invert></Cineon></RedLut><GreenLut><Cineon Version="1"><ConversionType>0</ConversionType><ReferenceWhite>0.669599</ReferenceWhite><ReferenceBlack>0.092864</ReferenceBlack><Highlight>1</Highlight><Shadow>0</Shadow><Softclip>0</Softclip><FilmGamma>0.600000</FilmGamma><GammaCorrection>0.450000</GammaCorrection><Defog>0</Defog><KneeLow>0</KneeLow><KneeHigh>0</KneeHigh><Exposure>0</Exposure><LowRoll>0</LowRoll><LowCon>0</LowCon><Contrast>0</Contrast><HighCon>0</HighCon><HighRoll>0</HighRoll><Encoding>9</Encoding><Invert>0</Invert></Cineon></GreenLut><BlueLut><Cineon Version="1"><ConversionType>0</ConversionType><ReferenceWhite>0.669599</ReferenceWhite><ReferenceBlack>0.092864</ReferenceBlack><Highlight>1</Highlight><Shadow>0</Shadow><Softclip>0</Softclip><FilmGamma>0.600000</FilmGamma><GammaCorrection>0.450000</GammaCorrection><Defog>0</Defog><KneeLow>0</KneeLow><KneeHigh>0</KneeHigh><Exposure>0</Exposure><LowRoll>0</LowRoll><LowCon>0</LowCon><Contrast>0</Contrast><HighCon>0</HighCon><HighRoll>0</HighRoll><Encoding>9</Encoding><Invert>0</Invert></Cineon></BlueLut><ColorTransformBuilder><ColorTransformBuilder CTBVersion="1.400000"><CTBCustom>False</CTBCustom><CTBInvert>False</CTBInvert><CTBSolo>False</CTBSolo><CTBSelected>-1</CTBSelected><CTBIsColourSpaceConversion>False</CTBIsColourSpaceConversion><CTBSrcColourSpace></CTBSrcColourSpace><CTBDstColourSpace>ACEScg</CTBDstColourSpace><CTBTaggedColourSpace>From Source</CTBTaggedColourSpace><CTBViewTransformEnabled>True</CTBViewTransformEnabled><CTBVTSrcCS>From Source</CTBVTSrcCS><CTBVTViewCS>From Rules</CTBVTViewCS><CTBVTDispCS>Rec.709 video</CTBVTDispCS><CTBItems/></ColorTransformBuilder></ColorTransformBuilder></LutsBuilder></LutsBuilder></State></Setup></lutState><resize><resizeType>fit</resizeType><resizeFilter>lanczos</resizeFilter><width>0</width><height>0</height><bitsPerChannel>10</bitsPerChannel><numChannels>3</numChannels><floatingPoint>False</floatingPoint><bigEndian>True</bigEndian><pixelRatio>1</pixelRatio><scanFormat></scanFormat></resize></video><name><framePadding>8</framePadding><startFrame>1</startFrame><frameIndex>0</frameIndex></name></preset>