<?xml version="1.0"?>
<preset version="14"><type>movie</type><comment>QuickTIme | Apple ProRes 422 | 10-bit | CBR | ACEScg-to-ACES-Rec709 | Rec709 | Legal Range | ColorSync Compatible
Linear PCM | 16-bit Big Endian | Mixdown to Stereo | Burnin Metadata | &lt;name&gt;-v&lt;YYYY&gt;&lt;MM&gt;&lt;DD&gt;&lt;hh&gt;&lt;mm&gt;&lt;ss&gt;</comment><movie><fileType>QuickTime</fileType><namePattern>trabalho_em_andamento/postagens/&lt;name&gt;/&lt;name&gt;-wip-v&lt;YYYY&gt;&lt;MM&gt;&lt;DD&gt;&lt;hh&gt;&lt;mm&gt;&lt;ss&gt;</namePattern><yuvHeadroom>0</yuvHeadroom><yuvColourSpace>PCS_709</yuvColourSpace><colorSyncCompat>True</colorSyncCompat></movie><video><fileType>QuickTime</fileType><codec>67315712</codec><codecProfile><rootPath>/opt/Autodesk/mediaconverter/</rootPath><targetVersion>2025</targetVersion><pathSuffix>/profiles/.67315712/CBR.cdxprof</pathSuffix></codecProfile><namePattern>trabalho_em_andamento/postagens/&lt;name&gt;/&lt;name&gt;-wip-v&lt;YYYY&gt;&lt;MM&gt;&lt;DD&gt;&lt;hh&gt;&lt;mm&gt;&lt;ss&gt;</namePattern><includeAlpha>False</includeAlpha><overwriteWithVersions>False</overwriteWithVersions><lutState><Setup><Base><Version>21.020000</Version><Note></Note><Expanded>False</Expanded><ScrollBar>0</ScrollBar><Frames>0</Frames><Current_Time>2147483647</Current_Time><Input_DataType>4</Input_DataType><ClampMode>0</ClampMode><AdapDegrad>False</AdapDegrad><ReadOnly>False</ReadOnly><NoMediaHandling>1</NoMediaHandling><UsedAsTransition>False</UsedAsTransition><FrameBounds W="1920" H="1080" X="0" Y="0" SX="16" SY="9"/></Base><State><LogLinTargetPixelFormat>139</LogLinTargetPixelFormat><LogLinPropRefWhite>True</LogLinPropRefWhite><LogLinPropRefBlack>True</LogLinPropRefBlack><LogLinPropHighlight>True</LogLinPropHighlight><LogLinPropShadow>True</LogLinPropShadow><LogLinPropSoftclip>True</LogLinPropSoftclip><LogLinPropDispGamma>True</LogLinPropDispGamma><LogLinPropFilmGamma>True</LogLinPropFilmGamma><LogLinPropExposure>True</LogLinPropExposure><LogLinPropDefog>True</LogLinPropDefog><LogLinPropKneeLow>True</LogLinPropKneeLow><LogLinPropKneeHigh>True</LogLinPropKneeHigh><LogLinAdjustPropLuts>True</LogLinAdjustPropLuts><LogLinPropLowRoll>True</LogLinPropLowRoll><LogLinPropLowCon>True</LogLinPropLowCon><LogLinPropContrast>True</LogLinPropContrast><LogLinPropHighCon>True</LogLinPropHighCon><LogLinPropHighRoll>True</LogLinPropHighRoll><LogLinHasBeenActivated>True</LogLinHasBeenActivated><LutsBuilder><LutsBuilder LutFileVersion="3"><ConversionType>0</ConversionType><GammaType>1</GammaType><BasicMode>3</BasicMode><AdjustMode>False</AdjustMode><RedLut><Cineon Version="1"><ConversionType>0</ConversionType><ReferenceWhite>0.669599</ReferenceWhite><ReferenceBlack>0.092864</ReferenceBlack><Highlight>1</Highlight><Shadow>0</Shadow><Softclip>0</Softclip><FilmGamma>0.600000</FilmGamma><GammaCorrection>0.450000</GammaCorrection><Defog>0</Defog><KneeLow>0</KneeLow><KneeHigh>0</KneeHigh><Exposure>0</Exposure><LowRoll>0</LowRoll><LowCon>0</LowCon><Contrast>0</Contrast><HighCon>0</HighCon><HighRoll>0</HighRoll><Encoding>9</Encoding><Invert>0</Invert></Cineon></RedLut><GreenLut><Cineon Version="1"><ConversionType>0</ConversionType><ReferenceWhite>0.669599</ReferenceWhite><ReferenceBlack>0.092864</ReferenceBlack><Highlight>1</Highlight><Shadow>0</Shadow><Softclip>0</Softclip><FilmGamma>0.600000</FilmGamma><GammaCorrection>0.450000</GammaCorrection><Defog>0</Defog><KneeLow>0</KneeLow><KneeHigh>0</KneeHigh><Exposure>0</Exposure><LowRoll>0</LowRoll><LowCon>0</LowCon><Contrast>0</Contrast><HighCon>0</HighCon><HighRoll>0</HighRoll><Encoding>9</Encoding><Invert>0</Invert></Cineon></GreenLut><BlueLut><Cineon Version="1"><ConversionType>0</ConversionType><ReferenceWhite>0.669599</ReferenceWhite><ReferenceBlack>0.092864</ReferenceBlack><Highlight>1</Highlight><Shadow>0</Shadow><Softclip>0</Softclip><FilmGamma>0.600000</FilmGamma><GammaCorrection>0.450000</GammaCorrection><Defog>0</Defog><KneeLow>0</KneeLow><KneeHigh>0</KneeHigh><Exposure>0</Exposure><LowRoll>0</LowRoll><LowCon>0</LowCon><Contrast>0</Contrast><HighCon>0</HighCon><HighRoll>0</HighRoll><Encoding>9</Encoding><Invert>0</Invert></Cineon></BlueLut><ColorTransformFileName>/opt/Autodesk/Synergy/SynColor/Shared/transforms/flame_colortoolkit/REC709/AP1_to_Rec709.ctf</ColorTransformFileName><ColorTransformBuilder><ColorTransformBuilder CTBVersion="1.400000"><CTBCustom>False</CTBCustom><CTBInvert>False</CTBInvert><CTBSolo>False</CTBSolo><CTBSelected>-1</CTBSelected><CTBIsColourSpaceConversion>False</CTBIsColourSpaceConversion><CTBSrcColourSpace></CTBSrcColourSpace><CTBDstColourSpace>Rec.709 video</CTBDstColourSpace><CTBTaggedColourSpace>From Source</CTBTaggedColourSpace><CTBViewTransformEnabled>False</CTBViewTransformEnabled><CTBVTSrcCS>From Source</CTBVTSrcCS><CTBVTViewCS>From Rules</CTBVTViewCS><CTBVTDispCS>Rec.709 video</CTBVTDispCS><CTBItems/></ColorTransformBuilder></ColorTransformBuilder></LutsBuilder></LutsBuilder></State></Setup></lutState><resize><resizeType>fit</resizeType><resizeFilter>lanczos</resizeFilter><width>0</width><height>0</height><bitsPerChannel>10</bitsPerChannel><numChannels>3</numChannels><floatingPoint>False</floatingPoint><bigEndian>True</bigEndian><pixelRatio>1</pixelRatio><scanFormat>P</scanFormat><ResSelectorMode>3</ResSelectorMode><ResAdaptativeMode>0</ResAdaptativeMode><ResScalingMode>1</ResScalingMode><ResScalingValue>50</ResScalingValue></resize></video><audio><fileType>QuickTime</fileType><codec>4026732546</codec><codecProfile><rootPath>/opt/Autodesk/mediaconverter/</rootPath><targetVersion>2025</targetVersion><pathSuffix>/profiles/.4026732546/16-bit (BE).cdxprof</pathSuffix></codecProfile><namePattern>trabalho_em_andamento/postagens/&lt;name&gt;/&lt;name&gt;-wip-v&lt;YYYY&gt;&lt;MM&gt;&lt;DD&gt;&lt;hh&gt;&lt;mm&gt;&lt;ss&gt;</namePattern><mixdown>To2</mixdown><sampleRate>-1</sampleRate><bitRate>128</bitRate><bitDepth>-1</bitDepth><language>en</language><content></content><channelMapping></channelMapping></audio><MetadataOverlay><MetadataOverlayPresetPath>/opt/Autodesk/shared/burn_metadata/overlay/burnin_info_HD.burnmetadata_node</MetadataOverlayPresetPath></MetadataOverlay><subtitle><namePattern>&lt;subtitles name&gt;</namePattern><ReExportColour>False</ReExportColour><ReExportAlignment>1</ReExportAlignment><charFormatting>True</charFormatting><colourMode>NoColour</colourMode><alignmentMode>NoAlignment</alignmentMode><alignment>BottomCentre</alignment><alignmentType>an</alignmentType><timecodeMode>SameAsClip</timecodeMode></subtitle></preset>