<?xml version="1.0"?>
<preset version="14"><type>movie</type><comment>Apple ProRes 4444 XQ | 12-bit | No Alpha | CBR | Tag - Alexa LogC3 | Rec709 | Legal Range | ColorSync Compatible</comment><movie><fileType>QuickTime</fileType><namePattern>ativos/filmagem/graduada/&lt;YYYY&gt;-&lt;MM&gt;-&lt;DD&gt;/&lt;name&gt;/&lt;name&gt;_graded</namePattern><yuvHeadroom>0</yuvHeadroom><yuvColourSpace>PCS_709</yuvColourSpace><colorSyncCompat>True</colorSyncCompat></movie><video><fileType>QuickTime</fileType><codec>67512320</codec><codecProfile><rootPath>/opt/Autodesk/mediaconverter/</rootPath><targetVersion>2025</targetVersion><pathSuffix>/profiles/.67512320/CBR.cdxprof</pathSuffix></codecProfile><namePattern>ativos/filmagem/graduada/&lt;YYYY&gt;-&lt;MM&gt;-&lt;DD&gt;/&lt;name&gt;/&lt;name&gt;_graded</namePattern><includeAlpha>False</includeAlpha><overwriteWithVersions>False</overwriteWithVersions><lutState><Setup><Base><Version>21.020000</Version><Note></Note><Expanded>False</Expanded><ScrollBar>0</ScrollBar><Frames>120</Frames><Current_Time>1001</Current_Time><AnimRefFrame>1001</AnimRefFrame><Input_DataType>4</Input_DataType><ClampMode>0</ClampMode><AdapDegrad>False</AdapDegrad><ReadOnly>False</ReadOnly><NoMediaHandling>1</NoMediaHandling><UsedAsTransition>False</UsedAsTransition><FrameBounds W="3840" H="2160" X="0" Y="0" SX="32" SY="18"/></Base><State><LogLinTargetPixelFormat>139</LogLinTargetPixelFormat><LogLinPropRefWhite>True</LogLinPropRefWhite><LogLinPropRefBlack>True</LogLinPropRefBlack><LogLinPropHighlight>True</LogLinPropHighlight><LogLinPropShadow>True</LogLinPropShadow><LogLinPropSoftclip>True</LogLinPropSoftclip><LogLinPropDispGamma>True</LogLinPropDispGamma><LogLinPropFilmGamma>True</LogLinPropFilmGamma><LogLinPropExposure>True</LogLinPropExposure><LogLinPropDefog>True</LogLinPropDefog><LogLinPropKneeLow>True</LogLinPropKneeLow><LogLinPropKneeHigh>True</LogLinPropKneeHigh><LogLinAdjustPropLuts>True</LogLinAdjustPropLuts><LogLinPropLowRoll>True</LogLinPropLowRoll><LogLinPropLowCon>True</LogLinPropLowCon><LogLinPropContrast>True</LogLinPropContrast><LogLinPropHighCon>True</LogLinPropHighCon><LogLinPropHighRoll>True</LogLinPropHighRoll><LogLinHasBeenActivated>True</LogLinHasBeenActivated><LutsBuilder><LutsBuilder LutFileVersion="3"><ConversionType>0</ConversionType><GammaType>1</GammaType><BasicMode>5</BasicMode><AdjustMode>False</AdjustMode><RedLut><Cineon Version="1"><ConversionType>0</ConversionType><ReferenceWhite>0.669599</ReferenceWhite><ReferenceBlack>0.092864</ReferenceBlack><Highlight>1</Highlight><Shadow>0</Shadow><Softclip>0</Softclip><FilmGamma>0.600000</FilmGamma><GammaCorrection>0.450000</GammaCorrection><Defog>0</Defog><KneeLow>0</KneeLow><KneeHigh>0</KneeHigh><Exposure>0</Exposure><LowRoll>0</LowRoll><LowCon>0</LowCon><Contrast>0</Contrast><HighCon>0</HighCon><HighRoll>0</HighRoll><Encoding>9</Encoding><Invert>0</Invert></Cineon></RedLut><GreenLut><Cineon Version="1"><ConversionType>0</ConversionType><ReferenceWhite>0.669599</ReferenceWhite><ReferenceBlack>0.092864</ReferenceBlack><Highlight>1</Highlight><Shadow>0</Shadow><Softclip>0</Softclip><FilmGamma>0.600000</FilmGamma><GammaCorrection>0.450000</GammaCorrection><Defog>0</Defog><KneeLow>0</KneeLow><KneeHigh>0</KneeHigh><Exposure>0</Exposure><LowRoll>0</LowRoll><LowCon>0</LowCon><Contrast>0</Contrast><HighCon>0</HighCon><HighRoll>0</HighRoll><Encoding>9</Encoding><Invert>0</Invert></Cineon></GreenLut><BlueLut><Cineon Version="1"><ConversionType>0</ConversionType><ReferenceWhite>0.669599</ReferenceWhite><ReferenceBlack>0.092864</ReferenceBlack><Highlight>1</Highlight><Shadow>0</Shadow><Softclip>0</Softclip><FilmGamma>0.600000</FilmGamma><GammaCorrection>0.450000</GammaCorrection><Defog>0</Defog><KneeLow>0</KneeLow><KneeHigh>0</KneeHigh><Exposure>0</Exposure><LowRoll>0</LowRoll><LowCon>0</LowCon><Contrast>0</Contrast><HighCon>0</HighCon><HighRoll>0</HighRoll><Encoding>9</Encoding><Invert>0</Invert></Cineon></BlueLut><ColorTransformBuilder><ColorTransformBuilder CTBVersion="1.400000"><CTBCustom>False</CTBCustom><CTBInvert>False</CTBInvert><CTBSolo>False</CTBSolo><CTBSelected>-1</CTBSelected><CTBIsColourSpaceConversion>False</CTBIsColourSpaceConversion><CTBSrcColourSpace></CTBSrcColourSpace><CTBDstColourSpace>Rec.709 video</CTBDstColourSpace><CTBTaggedColourSpace>ARRI LogC</CTBTaggedColourSpace><CTBViewTransformEnabled>False</CTBViewTransformEnabled><CTBVTSrcCS>From Source</CTBVTSrcCS><CTBVTViewCS>From Rules</CTBVTViewCS><CTBVTDispCS>Rec.709 video</CTBVTDispCS><CTBItems/></ColorTransformBuilder></ColorTransformBuilder></LutsBuilder></LutsBuilder></State></Setup></lutState><resize><resizeType>fit</resizeType><resizeFilter>lanczos</resizeFilter><width>0</width><height>0</height><bitsPerChannel>12</bitsPerChannel><numChannels>3</numChannels><floatingPoint>False</floatingPoint><bigEndian>False</bigEndian><pixelRatio>1</pixelRatio><scanFormat></scanFormat><ResSelectorMode>3</ResSelectorMode><ResAdaptativeMode>0</ResAdaptativeMode><ResScalingMode>1</ResScalingMode><ResScalingValue>50</ResScalingValue></resize></video><audio><fileType>QuickTime</fileType><codec>4026732546</codec><codecProfile><rootPath>/opt/Autodesk/mediaconverter/</rootPath><targetVersion>2025</targetVersion><pathSuffix>/profiles/.4026732546/16-bit (LE).cdxprof</pathSuffix></codecProfile><namePattern>ativos/filmagem/graduada/&lt;YYYY&gt;-&lt;MM&gt;-&lt;DD&gt;/&lt;name&gt;/&lt;name&gt;_graded</namePattern><mixdown>To2</mixdown><sampleRate>-1</sampleRate><bitRate>128</bitRate><bitDepth>-1</bitDepth><language>en</language><content></content><channelMapping></channelMapping></audio><subtitle><namePattern>&lt;subtitles name&gt;</namePattern><ReExportColour>False</ReExportColour><ReExportAlignment>1</ReExportAlignment><charFormatting>True</charFormatting><colourMode>NoColour</colourMode><alignmentMode>NoAlignment</alignmentMode><alignment>BottomCentre</alignment><alignmentType>an</alignmentType><timecodeMode>SameAsClip</timecodeMode></subtitle></preset>