{
    "Settings": [
        {
            "name": "ToggleOverlays",
            "value": false
        },
        {
            "name": "PrefPopupName",
            "value": "grid_96"
        },
        {
            "name": "PrefPopupCategory",
            "value": 2
        },
        {
            "name": "WorkType",
            "value": 0
        },
        {
            "name": "WorkBoxLine",
            "value": 0
        },
        {
            "name": "WorkClr",
            "value": {
                "r": 0.0,
                "g": 0.25,
                "b": 0.25,
                "a": 0.0
            }
        },
        {
            "name": "WorkTrans",
            "value": 100
        },
        {
            "name": "WorkInsideWidth",
            "value": 1920
        },
        {
            "name": "WorkInsideHeight",
            "value": 1080
        },
        {
            "name": "WorkOffsetX",
            "value": 0
        },
        {
            "name": "WorkOffsetY",
            "value": 0
        },
        {
            "name": "SafeType",
            "value": 0
        },
        {
            "name": "SafeClr",
            "value": {
                "r": 0.0,
                "g": 1.0,
                "b": 0.0,
                "a": 0.0
            }
        },
        {
            "name": "SafeRelative",
            "value": 0
        },
        {
            "name": "SafeCropTop",
            "value": 0
        },
        {
            "name": "SafeCropBottom",
            "value": 0
        },
        {
            "name": "SafeCropLeft",
            "value": 0
        },
        {
            "name": "SafeCropRight",
            "value": 0
        },
        {
            "name": "CenterType",
            "value": 0
        },
        {
            "name": "CenterClr",
            "value": {
                "r": 1.0,
                "g": 0.0,
                "b": 0.0,
                "a": 0.0
            }
        },
        {
            "name": "CenterRelative",
            "value": 0
        },
        {
            "name": "CenterX",
            "value": 0
        },
        {
            "name": "CenterY",
            "value": 0
        },
        {
            "name": "BorderType",
            "value": false
        },
        {
            "name": "BorderClr",
            "value": {
                "r": 0.6299999952316284,
                "g": 0.6299999952316284,
                "b": 0.6299999952316284,
                "a": 0.0
            }
        },
        {
            "name": "GuideType",
            "value": 0
        },
        {
            "name": "GuideBoxLine",
            "value": 0
        },
        {
            "name": "GuideClr",
            "value": {
                "r": 0.0,
                "g": 0.0,
                "b": 0.0,
                "a": 0.0
            }
        },
        {
            "name": "GuideTrans",
            "value": 100
        },
        {
            "name": "GuideRelative",
            "value": 0
        },
        {
            "name": "GuideFixedOffset",
            "value": 0
        },
        {
            "name": "GuideCustomRatio",
            "value": 2.3499999046325685
        },
        {
            "name": "GuideCustomOffset",
            "value": 0
        },
        {
            "name": "GuideInsideWidth",
            "value": 0
        },
        {
            "name": "GuideInsideHeight",
            "value": 0
        },
        {
            "name": "GuideOffsetX",
            "value": 0
        },
        {
            "name": "GuideOffsetY",
            "value": 0
        },
        {
            "name": "FreeType",
            "value": 0
        },
        {
            "name": "FreeBoxLine",
            "value": 0
        },
        {
            "name": "FreeClr",
            "value": {
                "r": 0.0,
                "g": 0.0,
                "b": 1.0,
                "a": 0.0
            }
        },
        {
            "name": "FreeTrans",
            "value": 100
        },
        {
            "name": "FreeCropTop",
            "value": 0
        },
        {
            "name": "FreeCropBottom",
            "value": 0
        },
        {
            "name": "FreeCropLeft",
            "value": 0
        },
        {
            "name": "FreeCropRight",
            "value": 0
        },
        {
            "name": "GridType",
            "value": 1
        },
        {
            "name": "GridClr",
            "value": {
                "r": 0.28999999165534975,
                "g": 0.28999999165534975,
                "b": 0.28999999165534975,
                "a": 0.0
            }
        },
        {
            "name": "GridRelative",
            "value": 0
        },
        {
            "name": "GridPixelWidth",
            "value": 96
        },
        {
            "name": "GridPixelHeight",
            "value": 96
        },
        {
            "name": "GridPixelOffsetX",
            "value": 0
        },
        {
            "name": "GridPixelOffsetY",
            "value": 0
        },
        {
            "name": "GridRowColCols",
            "value": 10
        },
        {
            "name": "GridRowColRows",
            "value": 10
        },
        {
            "name": "GridRowColOffsetX",
            "value": 0
        },
        {
            "name": "GridRowColOffsetY",
            "value": 0
        },
        {
            "name": "GridTrans",
            "value": 50
        },
        {
            "name": "GridSnapTo",
            "value": true
        },
        {
            "name": "RatioType",
            "value": true
        },
        {
            "name": "SaveZoomPan",
            "value": false
        },
        {
            "name": "TreasureZoom",
            "value": 0.0
        },
        {
            "name": "TreasurePanX",
            "value": 0.0
        },
        {
            "name": "TreasurePanY",
            "value": 0.0
        }
    ]
}