{"presets":[{"id":"81948A09-518D-40AA-93E8-4D98E14B94C2","name":"openclip-output_clips-flame","pattern":"shots/{name}/openclip/output_clips/flame/{name}"},{"id":"7B30D5A3-7216-4FC9-9617-543EF180FE16","name":"openclip-output_clips-3ds","pattern":"shots/{name}/openclip/output_clips/3ds/{name}"},{"id":"1C88DFB7-93B7-465F-B463-7E29237B40E0","name":"openclip-output_clips-after_effects","pattern":"shots/{name}/openclip/output_clips/after_effects/{name}"},{"id":"55848DEE-D456-427E-82EF-ED1994266179","name":"openclip-output_clips-baselight","pattern":"shots/{name}/openclip/output_clips/baselight/{name}"},{"id":"0305810E-E024-4EF9-BEBC-8D5D36D1BEF4","name":"openclip-output_clips-blender","pattern":"shots/{name}/openclip/output_clips/blender/{name}"},{"id":"55D68944-A09E-42E8-B9ED-1B60EC01F771","name":"openclip-output_clips-c4d","pattern":"shots/{name}/openclip/output_clips/c4d/{name}"},{"id":"0E039D6E-1DF9-462D-8C52-1FCABAB3D571","name":"openclip-output_clips-houdini","pattern":"shots/{name}/openclip/output_clips/houdini/{name}"},{"id":"8A95FC76-5C3E-41FA-979D-C9272F87CECC","name":"openclip-output_clips-maya","pattern":"shots/{name}/openclip/output_clips/maya/{name}"},{"id":"CA9C07B8-C5C5-463F-9246-1DA617A5F4A5","name":"openclip-output_clips-nuke","pattern":"shots/{name}/openclip/output_clips/nuke/{name}"},{"id":"85CFE53C-99F7-4435-B8BD-1A6D107CB7B2","name":"openclip-output_clips-resolve","pattern":"shots/{name}/openclip/output_clips/resolve/{name}"},{"id":"823BA472-0E7F-4ABC-A69F-C724D7CDD8CF","name":"openclip-segment_clips-flame","pattern":"shots/{name}/openclip/segment_clips/flame/{name}"},{"id":"CF7CF9E9-A606-428D-A385-F6183CB3642D","name":"openclip-segment_clips-3ds","pattern":"shots/{name}/openclip/segment_clips/3ds/{name}"},{"id":"36C15B30-95A4-4965-8DC1-28B977CE4633","name":"openclip-segment_clips-after_effects","pattern":"shots/{name}/openclip/segment_clips/after_effects/{name}"},{"id":"2C815A0A-145C-4E45-9FDA-AEB8332BB322","name":"openclip-segment_clips-baselight","pattern":"shots/{name}/openclip/segment_clips/baselight/{name}"},{"id":"1DAB2E28-BAB6-4063-AF70-9E150B51C06A","name":"openclip-segment_clips-blender","pattern":"shots/{name}/openclip/segment_clips/blender/{name}"},{"id":"224E938B-3F28-46B1-A6BB-45878C29C881","name":"openclip-segment_clips-c4d","pattern":"shots/{name}/openclip/segment_clips/c4d/{name}"},{"id":"490F0D22-36EE-41CF-9ED5-1DE19AE2952A","name":"openclip-segment_clips-houdini","pattern":"shots/{name}/openclip/segment_clips/houdini/{name}"},{"id":"166B1630-5FAF-4569-A818-F9F2F30E5E01","name":"openclip-segment_clips-maya","pattern":"shots/{name}/openclip/segment_clips/maya/{name}"},{"id":"DBFF37F3-A32F-4749-AF6C-4A3DEAA2D5D8","name":"openclip-segment_clips-nuke","pattern":"shots/{name}/openclip/segment_clips/nuke/{name}"},{"id":"7EA699CC-B87D-4EAC-B830-9F09B7E9F49A","name":"openclip-segment_clips-resolve","pattern":"shots/{name}/openclip/segment_clips/resolve/{name}"},{"id":"FED0DAF6-1B34-42CB-8ED6-3ED4178B170F","name":"work_in_progress-postings","pattern":"work_in_progress/postings/{name}/{name}-wip-v{version}.mov"}]}