{
    "item_00": {
        "object_name": "",
        "process_type": "",
        "parent_object": "",
        "display_name": "",
        "object_type": "",
        "object_color": "",
        "link": "False",
        "dir_name": "software",
        "filesystem_type": "folder",
        "flame_type": "",
        "parent_dir": "/{projekts_dir}/{projekt_dir}",
        "path": "/{projekts_dir}/{projekt_dir}/software",
        "bookmark_name": "software",
        "bookmark_type": "folder",
        "bookmark_parent": "projekt directories",
        "bookmark_visibility": "Global",
        "children": {
            "item_01": {
                "object_name": "",
                "process_type": "",
                "parent_object": "",
                "display_name": "",
                "object_type": "",
                "object_color": "",
                "link": "False",
                "dir_name": "aftereffects",
                "filesystem_type": "folder",
                "flame_type": "",
                "parent_dir": "/{projekts_dir}/{projekt_dir}/software",
                "path": "/{projekts_dir}/{projekt_dir}/software/aftereffects",
                "bookmark_name": "aftereffects",
                "bookmark_type": "bookmark",
                "bookmark_parent": "software",
                "bookmark_visibility": "Global"
            },
            "item_02": {
                "object_name": "",
                "process_type": "",
                "parent_object": "",
                "display_name": "",
                "object_type": "",
                "object_color": "",
                "link": "False",
                "dir_name": "c4d",
                "filesystem_type": "folder",
                "flame_type": "",
                "parent_dir": "/{projekts_dir}/{projekt_dir}/software",
                "path": "/{projekts_dir}/{projekt_dir}/software/c4d",
                "bookmark_name": "c4d",
                "bookmark_type": "bookmark",
                "bookmark_parent": "software",
                "bookmark_visibility": "Global"
            },
            "item_03": {
                "object_name": "",
                "process_type": "",
                "parent_object": "",
                "display_name": "",
                "object_type": "",
                "object_color": "",
                "link": "False",
                "dir_name": "houdini",
                "filesystem_type": "folder",
                "flame_type": "",
                "parent_dir": "/{projekts_dir}/{projekt_dir}/software",
                "path": "/{projekts_dir}/{projekt_dir}/software/houdini",
                "bookmark_name": "houdini",
                "bookmark_type": "bookmark",
                "bookmark_parent": "software",
                "bookmark_visibility": "Global"
            },
            "item_04": {
                "object_name": "",
                "process_type": "",
                "parent_object": "",
                "display_name": "",
                "object_type": "",
                "object_color": "",
                "link": "False",
                "dir_name": "illustrator",
                "filesystem_type": "folder",
                "flame_type": "",
                "parent_dir": "/{projekts_dir}/{projekt_dir}/software",
                "path": "/{projekts_dir}/{projekt_dir}/software/illustrator",
                "bookmark_name": "illustrator",
                "bookmark_type": "bookmark",
                "bookmark_parent": "software",
                "bookmark_visibility": "Global"
            },
            "item_05": {
                "object_name": "",
                "process_type": "",
                "parent_object": "",
                "display_name": "",
                "object_type": "",
                "object_color": "",
                "link": "False",
                "dir_name": "indesign",
                "filesystem_type": "folder",
                "flame_type": "",
                "parent_dir": "/{projekts_dir}/{projekt_dir}/software",
                "path": "/{projekts_dir}/{projekt_dir}/software/indesign",
                "bookmark_name": "indesign",
                "bookmark_type": "bookmark",
                "bookmark_parent": "software",
                "bookmark_visibility": "Global"
            },
            "item_06": {
                "object_name": "",
                "process_type": "",
                "parent_object": "",
                "display_name": "",
                "object_type": "",
                "object_color": "",
                "link": "False",
                "dir_name": "maya",
                "filesystem_type": "folder",
                "flame_type": "",
                "parent_dir": "/{projekts_dir}/{projekt_dir}/software",
                "path": "/{projekts_dir}/{projekt_dir}/software/maya",
                "bookmark_name": "maya",
                "bookmark_type": "bookmark",
                "bookmark_parent": "software",
                "bookmark_visibility": "Global"
            },
            "item_07": {
                "object_name": "",
                "process_type": "",
                "parent_object": "",
                "display_name": "",
                "object_type": "",
                "object_color": "",
                "link": "False",
                "dir_name": "photoshop",
                "filesystem_type": "folder",
                "flame_type": "",
                "parent_dir": "/{projekts_dir}/{projekt_dir}/software",
                "path": "/{projekts_dir}/{projekt_dir}/software/photoshop",
                "bookmark_name": "photoshop",
                "bookmark_type": "bookmark",
                "bookmark_parent": "software",
                "bookmark_visibility": "Global"
            },
            "item_08": {
                "object_name": "",
                "process_type": "",
                "parent_object": "",
                "display_name": "",
                "object_type": "",
                "object_color": "",
                "link": "False",
                "dir_name": "premiere",
                "filesystem_type": "folder",
                "flame_type": "",
                "parent_dir": "/{projekts_dir}/{projekt_dir}/software",
                "path": "/{projekts_dir}/{projekt_dir}/software/premiere",
                "bookmark_name": "premiere",
                "bookmark_type": "bookmark",
                "bookmark_parent": "software",
                "bookmark_visibility": "Global"
            },
            "item_09": {
                "object_name": "",
                "process_type": "",
                "parent_object": "",
                "display_name": "",
                "object_type": "",
                "object_color": "",
                "link": "False",
                "dir_name": "resolve",
                "filesystem_type": "folder",
                "flame_type": "",
                "parent_dir": "/{projekts_dir}/{projekt_dir}/software",
                "path": "/{projekts_dir}/{projekt_dir}/software/resolve",
                "bookmark_name": "resolve",
                "bookmark_type": "bookmark",
                "bookmark_parent": "software",
                "bookmark_visibility": "Global"
            },
            "item_10": {
                "object_name": "",
                "process_type": "",
                "parent_object": "",
                "display_name": "",
                "object_type": "",
                "object_color": "",
                "link": "False",
                "dir_name": "unity",
                "filesystem_type": "folder",
                "flame_type": "",
                "parent_dir": "/{projekts_dir}/{projekt_dir}/software",
                "path": "/{projekts_dir}/{projekt_dir}/software/unity",
                "bookmark_name": "unity",
                "bookmark_type": "bookmark",
                "bookmark_parent": "software",
                "bookmark_visibility": "Global"
            },
            "item_11": {
                "object_name": "",
                "process_type": "",
                "parent_object": "",
                "display_name": "",
                "object_type": "",
                "object_color": "",
                "link": "False",
                "dir_name": "unreal_engine",
                "filesystem_type": "folder",
                "flame_type": "",
                "parent_dir": "/{projekts_dir}/{projekt_dir}/software",
                "path": "/{projekts_dir}/{projekt_dir}/software/unreal_engine",
                "bookmark_name": "unreal_engine",
                "bookmark_type": "bookmark",
                "bookmark_parent": "software",
                "bookmark_visibility": "Global"
            }
        }
    }
}
